,barcode,gene,ancestor,evolution_condition,class_new,all_mutations_verbose
5,TATCGAAACCCAAAGAGATTTAATCG_CGATCAAAGACTAACTTATTTTGTGG,IRA1+MKT1+SPB1,IRA1_MIS,Evo3D,adaptive_haploid,II:441856:C:T:MMS4:synonymous_variant:c.342C>T:p.Asn114Asn:1/1~II:521600:C:A:IRA1:stop_gained:c.5029G>T:p.Glu1677*:1/1~II:522697:G:A:IRA1:missense_variant:c.3932C>T:p.Ala1311Val:1/1~III:32114:G:T:SPB1:missense_variant:c.666G>T:p.Leu222Phe:1/1~XIV:467219:A:C:MKT1:missense_variant:c.89A>C:p.Asp30Ala:1/1
7,ATCACAATAACTAAACTGATTCTTCA_CTCATAACATCAAAAAAAATTCAAAT,KSP1+TAN1,IRA1_NON,Evo3D,adaptive_haploid,II:522427:A:T:IRA1:stop_gained:c.4202T>A:p.Leu1401*:1/1~VI:101127:T:A:LPD1:downstream_gene_variant:c.*501A>T:nan:1/1~VII:62635:G:T:TAN1:missense_variant:c.503G>T:p.Cys168Phe:0/1~VII:161471:G:C:ATG1:missense_variant:c.1407G>C:p.Leu469Phe:1/1~VIII:270229:GA:G:KSP1:frameshift_variant:c.1319delT:p.Phe440fs:0/1~VIII:271405:G:T:KSP1:stop_gained:c.144C>A:p.Tyr48*:1/1~XII:1029498:C:A:RPL6B:synonymous_variant:c.261C>A:p.Thr87Thr:1/1~XIV:204739:G:A:KEX2:missense_variant:c.2312G>A:p.Ser771Asn:1/1
14,AGAACAAAAACTAAACTCATTCATGG_AGTTAAATTGGGAAGGGTATTTTGAG,,CYR1,Evo2D,high_fitness_diploids,X:427906:C:A:CYR1:NON_SYNONYMOUS_CODING:tCt/tAt:S917Y:1/1~XI:536733:A:C:DYN1:NON_SYNONYMOUS_CODING:gaT/gaG:D3731E:0/1~XVI:940751:T:G:ARR3:NON_SYNONYMOUS_CODING:aTt/aGt:I277S:1/1
25,CCGCCAATCCCGAACCCCGTTTCGCC_ATGTTAACAAGAAAGACCTTTCTAAG,ATE1+EEB1,GPB2,Evo3D,adaptive_haploid,I:40104:T:G:GPB2:stop_gained:c.846T>G:p.Tyr282*:0/1~VI:58065:C:A:ACT1:upstream_gene_variant:c.-3369G>T:nan:0/1~VI:101127:T:A:LPD1:downstream_gene_variant:c.*501A>T:nan:1/1~VII:460212:T:A:ATE1:missense_variant:c.359T>A:p.Phe120Tyr:1/1~XVI:368751:C:A:EEB1:stop_gained:c.691G>T:p.Glu231*:1/1
43,CCGCCAATCCCGAACCCCGTTTCGCC_CTTGCAATCGAGAATATGATTGGAC,BMH1,GPB2,Evo2D,high_fitness_diploids,I:40104:T:G:GPB2:STOP_GAINED:taT/taG:Y282*:1/1~IV:1362497:C:T:YHP1:UPSTREAM:316:nan:0/1~V:546163:G:C:BMH1:NON_SYNONYMOUS_CODING:Gaa/Caa:E185Q:1/1~VI:101127:T:A:LPD1:DOWNSTREAM:501:nan:1/1~VI:58065:C:A:TUB2:DOWNSTREAM:356:nan:1/1~XIII:357099:A:G:YMR045C:DOWNSTREAM:260:nan:0/1~XV:1032756:G:A:GPB1:NON_SYNONYMOUS_CODING:aCa/aTa:T476I:0/1
57,GACAGAAAAGCCAAATGGATTTACCG_GAAGAAACAGCGAACAGGCTTTTTTA,,CYR1,Evo2D,high_fitness_diploids,VII:647252:C:A:MRP13:NON_SYNONYMOUS_CODING:ttG/ttT:L297F:0/1~X:427906:C:A:CYR1:NON_SYNONYMOUS_CODING:tCt/tAt:S917Y:1/1~XII:844184:T:C:ADE13:UPSTREAM:98:nan:0/1~XV:302387:A:C:HRD1:NON_SYNONYMOUS_CODING:Tca/Gca:S217A:0/1~XV:516101:T:G:RAS1:SYNONYMOUS_CODING:tcT/tcG:S286:1/1~XVI:940751:T:G:ARR3:NON_SYNONYMOUS_CODING:aTt/aGt:I277S:1/1
58,AGAACAAAAACTAAACTCATTCATGG_CGGAGAAGTGGCAAGAAGATTGTGAC,,CYR1,Evo2D,high_fitness_diploids,
85,CCGCCAATCCCGAACCCCGTTTCGCC_TCTGCAAGGCTCAATAGGGTTGGTTT,,GPB2,Evo2D,adaptive_haploid,I:40104:T:G:GPB2:STOP_GAINED:taT/taG:Y282*:1~VI:101127:T:A:LPD1:DOWNSTREAM:501:nan:1
265,GACAGAAAAGCCAAATGGATTTACCG_CGCGAAAATAGCTACACTGTTTCACG,,CYR1,Evo2D,high_fitness_diploids,
361,TGATCAATCTACAAAAATATTTAATG_CTGAGTAACGCCCAATATAGTTAGTCT,,IRA1_MIS,Evo2D,adaptive_haploid,
523,CCGCCAATCCCGAACCCCGTTTCGCC_GGGGCAAGGAAAAAGTCGGTTTATAG,,GPB2,Evo2D,high_fitness_diploids,
726,CCAACAAAACACAAATCTGTTGTGTA_ACGTCAAGACCAAACTAGCTTTCGGC,,IRA1_NON,Evo2D,adaptive_haploid,II:522427:A:T:IRA1:stop_gained:c.4202T>A:p.Leu1401*:1/1~VI:101127:T:A:LPD1:downstream_gene_variant:c.*501A>T:nan:1/1~IX:139591:A:G:RPI1:upstream_gene_variant:c.-1714T>C:nan:0/1~XII:1029498:C:A:RPL6B:synonymous_variant:c.261C>A:p.Thr87Thr:1/1~XV:608680:G:T:SPP2:missense_variant:c.518C>A:p.Thr173Lys:1/1~XV:625806:G:A:SLP1:missense_variant:c.1078G>A:p.Glu360Lys:0/1
746,CATTGAATCACAAAATAGGTTAGATG_CTCAAAAACAAAAATAAAATTGTTAC,MKT1+SEC63,IRA1_MIS,Evo2D,high_fitness_diploids,II:522697:G:A:IRA1:missense_variant:c.3932C>T:p.Ala1311Val:1/1~XIV:467219:A:T:MKT1:missense_variant:c.89A>T:p.Asp30Val:0/1~XV:805907:G:T:SEC63:missense_variant:c.1117C>A:p.Gln373Lys:0/1
824,ATCAGAAGTTCGAATCAAATTACGAA_TGGCAAATTTTGAAGCAGGTTATTCA,IRA2,TOR1,Evo1D,high_fitness_diploids,VII:961959:T:G:YGR235C:missense_variant:c.103A>C:p.Asn35His:1/1~VIII:362075:C:A:tF(GAA)H2:upstream_gene_variant:c.-3506G>T:nan:1/1~X:564551:T:G:TOR1:missense_variant:c.5136T>G:p.Phe1712Leu:1/1~XIV:103969:A:G:MRPL10:missense_variant:c.134T>C:p.Phe45Ser:1/1~XIV:553379:C:G:COG6:upstream_gene_variant:c.-1392G>C:nan:1/1~XV:173652:T:G:IRA2:stop_gained:c.2583T>G:p.Tyr861*:0/1
1000,TATCGAAACCCAAAGAGATTTAATCG_GGGCGAACCGGAAAGGGGGTTAGACG,ARO80+YGR283C,IRA1_MIS,Evo3D,adaptive_haploid,II:522697:G:A:IRA1:missense_variant:c.3932C>T:p.Ala1311Val:1/1~IV:1314755:A:C:ARO80:missense_variant:c.2716A>C:p.Thr906Pro:1/1~VII:1063730:AAT:AATAT:YGR283C:upstream_gene_variant:c.-3693_-3692insAT:nan:0/1~XIV:64778:G:A:BXI1:upstream_gene_variant:c.-4987C>T:nan:1/1
1294,AATGCAATAATGAAATGATTTGAGGA_CATACAAGCGACAAAAGGGTTCACAA,,IRA1_NON,Evo1D,adaptive_haploid,II:522427:A:T:IRA1:stop_gained:c.4202T>A:p.Leu1401*:1/1~VI:60135:G:T:RPO41:missense_variant:c.1354G>T:p.Val452Phe:0/1~VI:101127:T:A:LPD1:downstream_gene_variant:c.*501A>T:nan:1/1~VIII:203418:G:T:AAP1:upstream_gene_variant:c.-2108C>A:nan:0/1~XII:841888:C:A:RSC2:synonymous_variant:c.558C>A:p.Val186Val:1/1~XII:1029498:C:A:RPL6B:synonymous_variant:c.261C>A:p.Thr87Thr:1/1~XV:779647:T:C:RPL33B:upstream_gene_variant:c.-242A>G:nan:0/1
1396,ATCAGAAGTTCGAATCAAATTACGAA_TAAAGAAGTTATAACGCAGTTGCCCG,IRA2,TOR1,Evo1D,high_fitness_diploids,VII:961959:T:G:YGR235C:missense_variant:c.103A>C:p.Asn35His:1/1~VIII:362075:C:A:tF(GAA)H2:upstream_gene_variant:c.-3506G>T:nan:1/1~X:564551:T:G:TOR1:missense_variant:c.5136T>G:p.Phe1712Leu:1/1~XIV:103969:A:G:MRPL10:missense_variant:c.134T>C:p.Phe45Ser:1/1~XV:174089:C:A:IRA2:stop_gained:c.3020C>A:p.Ser1007*:0/1
1823,TATCGAAACCCAAAGAGATTTAATCG_GCTTCAATAACCAAAGAGGTTAGCTC,ARO80,IRA1_MIS,Evo3D,adaptive_haploid,II:522697:G:A:IRA1:missense_variant:c.3932C>T:p.Ala1311Val:1/1~IV:1314734:C:T:ARO80:missense_variant:c.2695C>T:p.Leu899Phe:1/1~IV:1418872:G:T:PHO8:missense_variant:c.1379C>A:p.Ala460Glu:1/1
1829,ATCAGAAGTTCGAATCAAATTACGAA_TAAGGAATCCTGAATGCTTTTCCCCG,IRA2,TOR1,Evo2D,high_fitness_diploids,VII:961959:T:G:MOS2:NON_SYNONYMOUS_CODING:Aat/Cat:N35H:1/1~VIII:362075:C:A:FUR1:UPSTREAM:40:nan:1/1~X:564551:T:G:TOR1:NON_SYNONYMOUS_CODING:ttT/ttG:F1712L:1/1~XIV:103969:A:G:MRPL10:NON_SYNONYMOUS_CODING:tTc/tCc:F45S:1/1~XIV:553379:C:G:YNL040W:UPSTREAM:1:nan:1/1~XV:179321:T:A:IRA2:NON_SYNONYMOUS_CODING:aTt/aAt:I2751N:0/1
1981,ATCAGAAGTTCGAATCAAATTACGAA_GAAAAAATGGTCAATTCAGTTTTCGT,,TOR1,Evo1D,high_fitness_diploids,
2354,TATCGAAACCCAAAGAGATTTAATCG_ATGTTAAAGATTAATGGACTTGATGG,ARO80,IRA1_MIS,Evo3D,adaptive_haploid,II:522697:G:A:IRA1:missense_variant:c.3932C>T:p.Ala1311Val:1/1~IV:1314773:C:T:ARO80:stop_gained:c.2734C>T:p.Arg912*:1/1~XVI:313919:C:A:KAP120:missense_variant:c.532C>A:p.Gln178Lys:1/1
2820,GACAGAAAAGCCAAATGGATTTACCG_CCCACAAACCGGAATTGTATTAACTA,ARO80,CYR1,Evo3D,adaptive_haploid,II:610499:A:T:MED8:upstream_gene_variant:c.-746T>A:nan:1/1~IV:1314756:C:A:ARO80:missense_variant:c.2717C>A:p.Thr906Lys:1/1~X:427906:C:A:CYR1:missense_variant:c.2750C>A:p.Ser917Tyr:1/1~XII:196744:T:A:UBR2:upstream_gene_variant:c.-3463A>T:nan:1/1~XVI:940751:T:G:ARR3:missense_variant:c.830T>G:p.Ile277Ser:1/1
2862,ATCAGAAGTTCGAATCAAATTACGAA_AAGTTAACCCCTAATCCTATTTCCCG,GSH1,TOR1,Evo2D,adaptive_haploid,VII:961959:T:G:MOS2:NON_SYNONYMOUS_CODING:Aat/Cat:N35H:1~VIII:362075:C:A:FUR1:UPSTREAM:40:nan:1~X:235519:G:T:GSH1:NON_SYNONYMOUS_CODING:Cgt/Agt:R280S:1~X:564551:T:G:TOR1:NON_SYNONYMOUS_CODING:ttT/ttG:F1712L:1~XIV:103969:A:G:MRPL10:NON_SYNONYMOUS_CODING:tTc/tCc:F45S:1~XIV:553379:C:G:YNL040W:UPSTREAM:1:nan:1
3062,GAAATAAACCACAACGACATTCTAAT_TATTTAAACATAAAGGGAATTGCTTG,,IRA1_NON,Evo1D,adaptive_haploid,II:522427:A:T:IRA1:stop_gained:c.4202T>A:p.Leu1401*:1/1~VI:101127:T:A:LPD1:downstream_gene_variant:c.*501A>T:nan:1/1~VII:1023358:C:A:YGR266W:missense_variant:c.703C>A:p.Gln235Lys:1/1~XII:1029498:C:A:RPL6B:synonymous_variant:c.261C>A:p.Thr87Thr:1/1~XV:754244:CAAATAT:C:STE13:conservative_inframe_deletion:c.760_765delATATTT:p.Ile254_Phe255del:1/1
3342,AGAACAAAAACTAAACTCATTCATGG_TTCTGAAAAAGTAATCAAATTACTCA,ARO80,CYR1,Evo2D,adaptive_haploid,IV:1314357:A:G:ARO80:NON_SYNONYMOUS_CODING:tAc/tGc:Y773C:1~VI:270127:GGT:G:YFR057W:DOWNSTREAM:612:nan:1~X:427906:C:A:CYR1:NON_SYNONYMOUS_CODING:tCt/tAt:S917Y:1~XVI:940751:T:G:ARR3:NON_SYNONYMOUS_CODING:aTt/aGt:I277S:1
3354,TATCGAAACCCAAAGAGATTTAATCG_AGCTTAAAAACAAACAATTTTTATAA,ARO80,IRA1_MIS,Evo3D,adaptive_haploid,II:522697:G:A:IRA1:missense_variant:c.3932C>T:p.Ala1311Val:1/1~IV:1314765:T:C:ARO80:missense_variant:c.2726T>C:p.Ile909Thr:1/1
3480,ACTTAAAAAGCAAACATGATTATTCA_AAATCAAGAGCAAAAAACCTTTTAAA,GSH1,CYR1,Evo2D,adaptive_haploid,X:234766:A:T:GSH1:NON_SYNONYMOUS_CODING:Ttt/Att:F531I:1~X:427906:C:A:CYR1:NON_SYNONYMOUS_CODING:tCt/tAt:S917Y:1~XIV:599988:C:T:YNL018C:NON_SYNONYMOUS_CODING:cGt/cAt:R596H:1~XIV:766949:A:AT:PDR18:FRAME_SHIFT:tgc/tTgc:C526L?:1~XVI:940751:T:G:ARR3:NON_SYNONYMOUS_CODING:aTt/aGt:I277S:1
3484,TTAAAAATACAAAAAAAGATTTAAGG_AGACCAAAAGTCAAGCGGATTTAGGT,,TOR1,Evo2D,adaptive_haploid,X:564551:T:G:TOR1:NON_SYNONYMOUS_CODING:ttT/ttG:F1712L:1~XIV:103969:A:G:MRPL10:NON_SYNONYMOUS_CODING:tTc/tCc:F45S:1~XV:1013750:AT:A:PDE2:FRAME_SHIFT:aaa/:K357:1
3631,GTATTAAAATTAAAAATAATTGCACA_TGTCCAAACAGAAATAAAATTTGTAA,,GPB2,Evo1D,high_fitness_diploids,
3652,GACAGAAAAGCCAAATGGATTTACCG_CCGGAAACTGGAAACAATTTTGCAAT,,CYR1,Evo2D,high_fitness_diploids,
3837,AGAACAAAAACTAAACTCATTCATGG_AGCTTAATCTAGAAGCGTTTTTGCAA,GSH1,CYR1,Evo2D,adaptive_haploid,X:235711:C:A:GSH1:NON_SYNONYMOUS_CODING:Gtt/Ttt:V216F:1~X:427906:C:A:CYR1:NON_SYNONYMOUS_CODING:tCt/tAt:S917Y:1~XII:163677:C:G:SSK1:NON_SYNONYMOUS_CODING:Gcc/Ccc:A73P:1~XII:765026:G:A:NKP2:SYNONYMOUS_CODING:ctG/ctA:L73:1~XIII:600501-601500:nan:nan:ALD3:DELETION:nan:nan:nan~XIII:601763:T:G:ALD2:SYNONYMOUS_CODING:acA/acC:T440:1~XVI:940751:T:G:ARR3:NON_SYNONYMOUS_CODING:aTt/aGt:I277S:1
3980,AGAACAAAAACTAAACTCATTCATGG_TGAGTAAACAGAAAGAAGTTTCCAGC,GPR1,CYR1,Evo2D,high_fitness_diploids,IV:391630:G:A:GPR1:NON_SYNONYMOUS_CODING:gCc/gTc:A143V:1/1~X:427906:C:A:CYR1:NON_SYNONYMOUS_CODING:tCt/tAt:S917Y:1/1~XVI:940751:T:G:ARR3:NON_SYNONYMOUS_CODING:aTt/aGt:I277S:1/1
4034,CTAGAAATCTCAAAAACTTTTGGCTG_AAAAGAACTAAAAAGGGTCTTCGGGG,ARO80,CYR1,Evo2D,adaptive_haploid,IV:1314336:G:T:ARO80:NON_SYNONYMOUS_CODING:aGa/aTa:R766I:1~X:427906:C:A:CYR1:NON_SYNONYMOUS_CODING:tCt/tAt:S917Y:1~XIII:23476:G:GA:PHO84:DOWNSTREAM:560:nan:1~XVI:940751:T:G:ARR3:NON_SYNONYMOUS_CODING:aTt/aGt:I277S:1
4127,TGATCAATCTACAAAAATATTTAATG_CACATAATGCTTAACTGCTTTGGATC,ARO80,IRA1_MIS,Evo2D,high_fitness_diploids,II:522697:G:A:IRA1:missense_variant:c.3932C>T:p.Ala1311Val:1/1~IV:1313193:G:A:ARO80:missense_variant:c.1154G>A:p.Gly385Asp:1/1~XV:87280:AT:A:MDH2:upstream_gene_variant:c.-4361delA:nan:1/1
4542,AGAACAAAAACTAAACTCATTCATGG_TCTCGAATAGATAATAATTTTATATA,,CYR1,Evo3D,high_fitness_diploids,II:610499:A:T:MED8:upstream_gene_variant:c.-746T>A:nan:1/1~VII:619154:G:C:VHT1:stop_gained:c.705C>G:p.Tyr235*:0/1~X:427906:C:A:CYR1:missense_variant:c.2750C>A:p.Ser917Tyr:1/1~X:464355:T:TTA:YJR011C:upstream_gene_variant:c.-4930_-4929insTA:nan:0/1~XVI:940751:T:G:ARR3:missense_variant:c.830T>G:p.Ile277Ser:1/1
4551,ACTTAAAAAGCAAACATGATTATTCA_ATAAAAAGAGAAAATTATATTAATTA,,CYR1,Evo2D,adaptive_haploid,
4718,TTAAAAATACAAAAAAAGATTTAAGG_GGTTAAACCTAGAAGGTGTTTTATGT,,TOR1,Evo2D,high_fitness_diploids,
4885,TTAAAAATACAAAAAAAGATTTAAGG_AATAAAACGAGTAAACTTCTTGTTAT,,TOR1,Evo2D,high_fitness_diploids,
4982,AGAACAAAAACTAAACTCATTCATGG_CCGCCTAAACCTATTTATGTG,ARO80,CYR1,Evo2D,adaptive_haploid,IV:1314708:G:C:ARO80:NON_SYNONYMOUS_CODING:tGg/tCg:W890S:1~VII:1004509:T:TTGTTGGAATAGAAATCAACTATCATCTACTAACTAGTATTTACATTACTAGTATAT.:GND2:UPSTREAM:114:nan:1~VII:452290:A:T:STT3:UPSTREAM:114:nan:1~X:316091:A:T:MRPL8:NON_SYNONYMOUS_CODING:Tct/Act:S129T:1~X:427906:C:A:CYR1:NON_SYNONYMOUS_CODING:tCt/tAt:S917Y:1~XVI:940751:T:G:ARR3:NON_SYNONYMOUS_CODING:aTt/aGt:I277S:1
