Unique.reads,Frequency,Cluster.ID
TGATCAATCTACAAAAATATTTG,1,1
TAATCAATCTACAAAATATTTAATG,1,2
TGATCAATCTAAAAAATATTTAATG,3,3
TGATCAATCACAAAAATATTTAATG,1,3
TGATCAATCTACAAAAATATTTAAT,5,4
TTATCAATCTACAAAATATTTAATG,1,5
TGATCAATCTACAAAATATTTAATG,54,6
TGATCAATCTACGAAATATTTAATG,1,6
TGATCAATCTACAAAAATATTAATG,9,7
GGATCAATCTACAAAAATATTAATG,1,7
TTCAATCTAAAAAAATATTTTATTGT,1,8
ACAAATCTACAAAAATATTTAATGGG,1,9
ATAAATCTACAAAAATATTTAATGGG,1,9
ATCAATCTACAAAAATATTTAATTGG,1,10
CCATCAATCTACAAAACTATCTAATG,1,11
TGAACAATCTACAAAAATATTTAATG,5,12
TGAACAATCTACAAAAATATTCAATG,1,12
TGAACAATCTAAAAAAATATTTAATG,1,12
TGATCAATCTACAAAATATTTAATAA,1,13
TGATCAATCTACAAAAATATTTACTG,2,14
ATCAATCTACAAAAATATTTAATAAG,4,15
ATCAATCTACAAAAATATTTAATAGG,1,15
ATCACAATAACTAAACTGATTCTTCA,2,16
TGATCAATCTACAAAAATATTTAGTG,12,17
TAATCAATCTACAAAAATATTTAGTG,1,17
ATCAATCTACAAAAATATTTAATGGG,1040,18
ATCAATCTACAAAAATATTTAATGGT,2,18
ATCAATCTAGAAAAATATTTAATGGG,1,18
ATCAATCTACAAAAGTATTTAATGGG,1,18
ATCAAACTACAAAAATATTTAATGGG,1,18
ATCAATCTACAAAAATATTTTATGGG,1,18
ATCAATCTACAAAAATATTTAATGTG,1,18
ATCAATTTACAAAAATATTTAATGGG,1,18
ATCAATCTACAAAAATTTTTAATGGG,1,18
ATCAATCTACAAAAATATTTAATGGA,1,18
TTCAATCTACAAAAATATTTAATGGG,1,18
ATCAATATACAAAAATATTTAATGGG,1,18
ACCAATCTACAAAAATATTTAATGGG,1,18
ATCAGTCTACAAAAATATTTAATGGG,1,18
ATCAATCTACAAAAATATCTAATGGG,1,18
ATCAATCTGCAAAAATATTTAATGGG,1,18
TGATCAATCTACAAAAATATTTAATG,36008,19
TGATCAATCTCCAAAAATATTTAATG,3,19
TGATCAATCTACAAAAATATTTAATA,61,19
TGATCAATCTACAAAAATATTCAATG,31,19
TGATCAATCTACAAAAATATTTAATT,27,19
TGATCAATCTACATAAATATTTAATG,17,19
TGATCAATCTACAGAAATATTTAATG,16,19
TGATCAACCTACAAAAATATTTAATG,16,19
TGATCAATCTACAAAAGTATTTAATG,16,19
TGATCAATCTTCAAAAATATTTAATG,16,19
TGATCAATCTACGAAAATATTTAATG,16,19
CGATCAATCTACAAAAATATTTAATG,15,19
TGATCACTCTACAAAAATATTTAATG,14,19
TGATCGATCTACAAAAATATTTAATG,13,19
TGATCAATCTACAATAATATTTAATG,13,19
TGATCAATCTACAAAAATATTTGATG,13,19
TGATCATTCTACAAAAATATTTAATG,12,19
TGATCAATCTACAAGAATATTTAATG,11,19
TGATCAATCTACAAAAATATTTAACG,10,19
TGATCAATCCACAAAAATATTTAATG,10,19
TGATCTATCTACAAAAATATTTAATG,9,19
TGATCAATCTACAAAAATATCTAATG,9,19
TGATCAATCTACAAAGATATTTAATG,9,19
TGATCAATCTGCAAAAATATTTAATG,9,19
TGATCAATCTACAAATATATTTAATG,9,19
AGATCAATCTACAAAAATATTTAATG,8,19
TGATCAATCTACAAAAATATATAATG,8,19
TGATCAATCTACAAAAATATTTTATG,8,19
TGATCAATCTACAAAAATATTAAATG,7,19
TGATCAATCTACAAAAACATTTAATG,7,19
TGATCAATCTACAAAAATACTTAATG,6,19
TGATCAGTCTACAAAAATATTTAATG,6,19
TGATCAATCTACAAAATTATTTAATG,6,19
TGATCAATCTACTAAAATATTTAATG,5,19
TGATCAATCTACAAAAATATTTAATC,5,19
TGATCAATCTACAAAAATATTTAAAG,4,19
TGATCAATCTACAAAAATAATTAATG,4,19
TGATCAATCTACCAAAATATTTAATG,4,19
TGATCAATCAACAAAAATATTTAATG,3,19
TGATCAATCTACAAAAATATGTAATG,3,19
TGATCAATCTACAAAAAAATTTAATG,2,19
TGATCTATCTACATAAATATTTAATG,2,19
TGATCAATCTACAAAAATATTTAACT,1,19
GGATCAATCTACAAAAATATTTAATG,1,19
TGATCAATCTACTATAATATTTAATG,1,19
TGATCAATCTACAAAAGTATCTAATG,1,19
TGATCAATCTACAAAAATAGTTAATG,1,19
TGATCAAACTACAAAAATATTTAATG,1,19
TGATCAATCTACAAAAATATTTCATG,1,19
TGATCAAGCTACAAAAATATTTAATG,1,19
TGATCACTCTACGAAAATATTTAATG,1,19
TGATCAATCGACAAAAATATTTAATG,1,19
TGATCAATCTACAAAATTATTTTATG,1,19
TGATCAATCTACAAAATTATTTAATT,1,19
TGATCAATCTACGAAAACATTTAATG,1,19
TGATCTATCTACTAAAATATTTAATG,1,19
TGATCAATCTACAAAAGTATTCAATG,1,19
TGATCAATCTACAAAAAGATTTAATG,1,19
TGATCAATCTACAAAACTATTTAATG,1,19
TGATCTATCTACAAATATATTTAATG,1,19
TGATCATTCTTCAAAAATATTTAATG,1,19
TGATCATTCTACAAAAATATTTAACG,1,19
TGATCAATCTACAAACATATTTAATG,1,19
CGATCAATCTACAAAAATATTCAATG,1,19
TGATCGATCTACAAAAATATTTAATT,1,19
TGATCAATCCACAAAAATACTTAATG,1,19
TGATCAATCTAAAAAAATATTTAATG,90,19
TGATCAATCTAAAAAAATATTTTATG,3,19
TGATCAATCAAAAAAAATATTTAATG,4,19
TGATCAATCTAAAAAAATATTTAATT,3,19
TGATCAATCTAAAAAATTATTTAATG,1,19
TGATCAATCTAAAAAAATATTTAACG,1,19
TGATCAATCTATAAAAATATTTAATG,10,19
TGATCAATCTATAATAATATTTAATT,1,19
TGATCAATCTAGAAAAATATTTAATG,1,19
TAATCAATCTACAAAAATATTTAATG,341,19
TAATCAATCTACAAAAATATCTAATG,1,19
TAATCAATCAACAAAAATATTTAATG,1,19
TAATCAATCCACAAAAATATTTAATG,1,19
TAATCAATCTACAAAAATATTTAATA,1,19
TAATCGATCTACAAAAATATTTAATG,1,19
TAATCAATCTAAAAAAATATTTAATG,1,19
TAATCAATCAAAAAAAATATTTAATG,1,19
TAATCAATCTAAAAAAATATTCAATG,1,19
TTATCAATCTACAAAAATATTTAATG,28,19
TTATCAATCTACAAAAATATTTAAAG,1,19
TTATCAATCTAAAAAAATATTTAATG,3,19
TCATCAATCTACAAAAATATTTAATG,6,19
TGATTAATCTACAAAAATATTTAATG,393,19
TGATTAATCTACAAAAATATTCAATG,2,19
TGATTAATCTACATAAATATTTAATG,1,19
TGATTAATCTACCAAAATATTTAATG,1,19
TGATTAATCTAAAAAAATATTTAATG,4,19
TAATTAATCTACAAAAATATTTAATG,1,19
TGATAAATCTACAAAAATATTTAATG,19,19
TGATAGATCTACAAAAATATTTAATG,2,19
TGATAAATCTACAAATATATTTAATG,1,19
TGATAAATCTAAAAAAATATTTAATG,2,19
TGATGAATCTACAAAAATATTTAATG,2,19
TGATCAATCTACAAAAATTTTTAATG,8,19
TGATCAATCTACAAAATTTTTTAATG,2,19
TGATCAATCTACTAAAATTTTTAATG,1,19
TGATCAATCTACAAAAATTTTTTATG,1,19
TGATCAATCTACAAAAATTTTTAATT,1,19
TGATCAATCTAAAAAATTTTTTAATG,1,19
TGATCAATCTACAAAAATGTTTAATG,8,19
TGATCAATCTACAAAAATCTTTAATG,3,19
TGATCAATTTACAAAAATATTTAATG,71,19
TGATCAATATACAAAAATATTTAATG,18,19
TGATCAATATAAAAAAATATTTAATG,1,19
TGATCAATATATAAAAATATTTAATG,1,19
TTATCAATATACAAAAATATTTAATG,1,19
TGATAAATATAAAAAAATATTTAATG,1,19
TGATAAATATACAAAAATATTTAATG,1,19
TGATCAATGTACAAAAATATTTAATG,4,19
ATTAATCTACAAAAATATTTAATGGG,10,20
TGTTCAATCTACAAAAATATTTAATG,16,21
TGTTCAATCTACAATAATATTTAATG,1,21
TGTTCAATCTACAAAAATATTTAATT,1,21
TGTTCAATCTACAAATATATTTAATG,1,21
TGTTCAATATACAAAAATATTTAATG,1,21
AATCTACAAAAATATTTAATGGGTAC,1,22
TGTTCAATCTACAAAAATTTTTATTG,1,23
TGCTCAATCTAAAAAAATATTTAATG,1,24
TGCTCAATCTACAAAAATATTTAATG,1,24
TGCTCAATCTACAAAAATTTTTAATG,1,24
GATCAATCTACAAAATATTTAATGGG,1,25
GATCAATCTACAAAAATATTTAATGG,34,26
GATCAATCTAAAAAAATATTTAATGG,4,26
TGATCAATATAAAAATATATTTATTG,1,27
TGAGCAATCTACAAAAATATTTAATG,5,28
TGACCAATCTACAAAAATATTTAATG,22,29
GGAGCAATATACAAAAATATGTAAGG,1,30
TTGATAATCTACAAAAATATTTAATG,5,31
TGTTCAATCTACAAAAATTTTTTATG,1,32
TGTTTAATCTAAAAAAATTTTTTATG,1,32
TCAATCTACAAAAATATTTAATGGGT,1,33
CCAACAAAACACAAATCTGTTGTGTA,18,34
ATCGATCTACAAAAATATTTAATGGG,1,35
CTAAAGACATAATGTGGTTTGTTGGG,1,36
TGGTCAATCTACAAAAATATTTAATG,18,37
TGGTCAATCTACATAAATATTTAATG,1,37
TGATCAATCTACAAAAATATTTATTG,13,38
TGATCAATCTACAATAATATTTATTG,1,38
TGATCAATCTAAAAAAATATTTATTG,1,38
TGATAAATCTACAAAAATATTTATTG,1,38
TGATCAATCTACAAAAATTTTTATTG,1,38
TGATCTATCTACAAAAATTTTTATTG,1,38
TGATCTATCTACATTAATATTTAATG,1,39
TGATCAATCTACAAAAAATATTTAATG,4,40
TTATCAATCTAAAAAAATAATTAATGG,1,41
