,ancestor,gene,count,effects,samples
0,IRA1_NON,PAB1,2,"['V:510499:G:C:PAB1:missense_variant:c.127G>C:p.Gly43Arg:1/1', 'V:510536:A:G:PAB1:missense_variant:c.164A>G:p.Tyr55Cys:0/1']","['EvolvingFront_WGS_Plate5_H11', 'EvolvingFront_WGS_Plate5_H11']"
1,IRA1_NON,TAN1,1,['VII:62635:G:T:TAN1:missense_variant:c.503G>T:p.Cys168Phe:0/1'],['EvolvingFront_WGS_Plate5_H11']
2,IRA1_NON,KSP1,57,"['VIII:270229:GA:G:KSP1:frameshift_variant:c.1319delT:p.Phe440fs:0/1', 'VIII:270229:GA:G:KSP1:frameshift_variant:c.1319delT:p.Phe440fs:1/1', 'VIII:270750:A:G:KSP1:missense_variant:c.799T>C:p.Cys267Arg:1/1', 'VIII:271515:C:T:KSP1:missense_variant:c.34G>A:p.Gly12Ser:1/1', 'VIII:270914:T:C:KSP1:missense_variant:c.635A>G:p.Asn212Ser:1/1', 'VIII:270801:C:T:KSP1:missense_variant:c.748G>A:p.Glu250Lys:0/1', 'VIII:270738:C:T:KSP1:missense_variant:c.811G>A:p.Asp271Asn:1/1', 'VIII:270935:T:G:KSP1:missense_variant:c.614A>C:p.His205Pro:1/1', 'VIII:271415:G:T:KSP1:missense_variant:c.134C>A:p.Ala45Glu:1/1', 'VIII:270849:T:TATCTGTAGTAGCCAATCCCCA:KSP1:conservative_inframe_insertion:c.679_699dupTGGGGATTGGCTACTACAGAT:p.Asp233_Lys234insTrpGlyLeuAlaThrThrAsp:1/1', 'VIII:270872:T:C:KSP1:missense_variant:c.677A>G:p.Asp226Gly:1/1', 'VIII:268619:CT:C:KSP1:frameshift_variant:c.2929delA:p.Arg977fs:1/1', 'VIII:270641:GCAAAATAA:G:KSP1:frameshift_variant:c.900_907delTTATTTTG:p.Tyr301fs:1/1', 'VIII:268461:A:G:KSP1:stop_lost&splice_region_variant:c.3088T>C:p.Ter1030Glnext*?:1/1', 'VIII:271499:C:G:KSP1:missense_variant:c.50G>C:p.Arg17Pro:1/1', 'VIII:270656:G:T:KSP1:stop_gained:c.893C>A:p.Ser298*:1/1', 'VIII:269753:G:T:KSP1:stop_gained:c.1796C>A:p.Ser599*:1/1', 'VIII:270433:CA:C:KSP1:frameshift_variant:c.1115delT:p.Leu372fs:1/1', 'VIII:271495:A:C:KSP1:stop_gained:c.54T>G:p.Tyr18*:1/1', 'VIII:271440:CT:C:KSP1:frameshift_variant:c.108delA:p.Asp37fs:1/1', 'VIII:269933:GA:G:KSP1:frameshift_variant:c.1615delT:p.Ser539fs:1/1', 'VIII:270825:C:G:KSP1:missense_variant:c.724G>C:p.Gly242Arg:1/1', 'VIII:270010:G:T:KSP1:stop_gained:c.1539C>A:p.Tyr513*:1/1', 'VIII:270019:GA:GAA:KSP1:frameshift_variant:c.1528dupT:p.His511fs:1/1', 'VIII:270516:G:A:KSP1:stop_gained:c.1033C>T:p.Gln345*:1/1', 'VIII:268825:GC:G:KSP1:frameshift_variant:c.2723delG:p.Ser908fs:1/1', 'VIII:270019:GA:G:KSP1:frameshift_variant:c.1529delT:p.Phe510fs:1/1', 'VIII:268812:AG:A:KSP1:frameshift_variant:c.2736delC:p.Phe913fs:1/1', 'VIII:270888:TC:T:KSP1:frameshift_variant:c.660delG:p.Trp220fs:1/1', 'VIII:269787:T:A:KSP1:stop_gained:c.1762A>T:p.Arg588*:1/1', 'VIII:271405:G:T:KSP1:stop_gained:c.144C>A:p.Tyr48*:1/1', 'VIII:269469:AT:A:KSP1:frameshift_variant:c.2079delA:p.Leu693fs:1|1', 'VIII:269793:T:A:KSP1:stop_gained:c.1756A>T:p.Lys586*:1/1', 'VIII:270741:CT:C:KSP1:frameshift_variant:c.807delA:p.Val270fs:1/1', 'VIII:271149:C:A:KSP1:stop_gained:c.400G>T:p.Glu134*:1/1', 'VIII:271225:G:C:KSP1:stop_gained:c.324C>G:p.Tyr108*:1/1', 'VIII:269744:G:C:KSP1:stop_gained:c.1805C>G:p.Ser602*:0/1', 'VIII:271041:C:A:KSP1:stop_gained:c.508G>T:p.Glu170*:1/1', 'VIII:271001:G:T:KSP1:stop_gained:c.548C>A:p.Ser183*:0/1', 'VIII:268461:A:G:KSP1:stop_lost&splice_region_variant:c.3088T>C:p.Ter1030Glnext*?:0/1', 'VIII:270873:C:A:KSP1:missense_variant:c.676G>T:p.Asp226Tyr:1/1', 'VIII:269916:G:A:KSP1:stop_gained:c.1633C>T:p.Gln545*:1/1', 'VIII:269893:G:C:KSP1:stop_gained:c.1656C>G:p.Tyr552*:1/1', 'VIII:269744:G:C:KSP1:stop_gained:c.1805C>G:p.Ser602*:1/1', 'VIII:270286:AT:A:KSP1:frameshift_variant:c.1262delA:p.Asn421fs:1/1', 'VIII:270723:C:T:KSP1:missense_variant:c.826G>A:p.Gly276Arg:1/1', 'VIII:271213:CT:C:KSP1:frameshift_variant:c.335delA:p.Lys112fs:1/1', 'VIII:270738:C:A:KSP1:missense_variant:c.811G>T:p.Asp271Tyr:1/1', 'VIII:270708:TAAGA:T:KSP1:frameshift_variant:c.837_840delTCTT:p.Phe279fs:1/1', 'VIII:270813:ATC:A:KSP1:frameshift_variant:c.734_735delGA:p.Arg245fs:1/1', 'VIII:271375:G:C:KSP1:stop_gained:c.174C>G:p.Tyr58*:1/1', 'VIII:271454:A:T:KSP1:missense_variant:c.95T>A:p.Val32Glu:1/1', 'VIII:271521:CT:C:KSP1:frameshift_variant:c.27delA:p.Glu10fs:1/1', 'VIII:271466:G:C:KSP1:stop_gained:c.83C>G:p.Ser28*:1/1', 'VIII:270788:CT:C:KSP1:frameshift_variant:c.760delA:p.Ser254fs:1|1', 'VIII:269664:G:A:KSP1:stop_gained:c.1885C>T:p.Gln629*:1/1', 'VIII:270870:A:G:KSP1:missense_variant:c.679T>C:p.Trp227Arg:1/1']","['EvolvingFront_WGS_Plate5_H11', 'EvolvingFront_WGS_Plate5_H11', 'EvolvingFront_WGS_Plate5_H11', 'EvolvingFront_WGS_Plate5_H11', 'EvolvingFront_WGS_Plate5_H11', 'EvolvingFront_WGS_Plate5_H11', 'EvolvingFront_WGS_Plate5_H11', 'EvolvingFront_WGS_Plate5_H11', 'EvolvingFront_WGS_Plate5_H11', 'EvolvingFront_WGS_Plate5_H11', 'EvolvingFront_WGS_Plate5_H11', 'EvolvingFront_WGS_Plate5_H11', 'EvolvingFront_WGS_Plate5_H11', 'EvolvingFront_WGS_Plate5_H11', 'EvolvingFront_WGS_Plate5_H11', 'EvolvingFront_WGS_Plate5_H11', 'EvolvingFront_WGS_Plate5_H11', 'EvolvingFront_WGS_Plate5_H11', 'EvolvingFront_WGS_Plate5_H11', 'EvolvingFront_WGS_Plate5_H11', 'EvolvingFront_WGS_Plate5_H11', 'EvolvingFront_WGS_Plate5_H11', 'EvolvingFront_WGS_Plate5_H11', 'EvolvingFront_WGS_Plate5_H11', 'EvolvingFront_WGS_Plate5_H11', 'EvolvingFront_WGS_Plate5_H11', 'EvolvingFront_WGS_Plate5_H11', 'EvolvingFront_WGS_Plate5_H11', 'EvolvingFront_WGS_Plate5_H11', 'EvolvingFront_WGS_Plate5_H11', 'EvolvingFront_WGS_Plate5_H11', 'EvolvingFront_WGS_Plate5_H11', 'EvolvingFront_WGS_Plate5_H11', 'EvolvingFront_WGS_Plate5_H11', 'EvolvingFront_WGS_Plate5_H11', 'EvolvingFront_WGS_Plate5_H11', 'EvolvingFront_WGS_Plate5_H11', 'EvolvingFront_WGS_Plate5_H11', 'EvolvingFront_WGS_Plate5_H11', 'EvolvingFront_WGS_Plate5_H11', 'EvolvingFront_WGS_Plate5_H11', 'EvolvingFront_WGS_Plate5_H11', 'EvolvingFront_WGS_Plate5_H11', 'EvolvingFront_WGS_Plate5_H11', 'EvolvingFront_WGS_Plate5_H11', 'EvolvingFront_WGS_Plate5_H11', 'EvolvingFront_WGS_Plate5_H11', 'EvolvingFront_WGS_Plate5_H11', 'EvolvingFront_WGS_Plate5_H11', 'EvolvingFront_WGS_Plate5_H11', 'EvolvingFront_WGS_Plate5_H11', 'EvolvingFront_WGS_Plate5_H11', 'EvolvingFront_WGS_Plate5_H11', 'EvolvingFront_WGS_Plate5_H11', 'EvolvingFront_WGS_Plate5_H11', 'EvolvingFront_WGS_Plate5_H11', 'EvolvingFront_WGS_Plate5_H11']"
3,IRA1_NON,MTH1,2,"['IV:1015485:G:T:MTH1:missense_variant:c.218C>A:p.Ala73Asp:1/1', 'IV:1015449:A:C:MTH1:missense_variant:c.254T>G:p.Ile85Ser:1/1']","['EvolvingFront_WGS_Plate5_H11', 'EvolvingFront_WGS_Plate5_H11']"
4,IRA1_NON,RBG2,1,['VII:844468:C:A:RBG2:synonymous_variant:c.615C>A:p.Ile205Ile:1/1'],['EvolvingFront_WGS_Plate5_H11']
5,IRA1_NON,MAE1,2,"['XI:384128:G:C:MAE1:missense_variant:c.598C>G:p.His200Asp:1/1', 'XI:387383:C:G:MAE1:upstream_gene_variant:c.-2658G>C:nan:1/1']","['EvolvingFront_WGS_Plate5_H11', 'EvolvingFront_WGS_Plate5_H11']"
6,IRA1_NON,TFA1,1,['XI:387148:GTGA:G:TFA1:disruptive_inframe_deletion:c.1419_1421delTGA:p.Asp473del:0/1'],['EvolvingFront_WGS_Plate5_H11']
7,IRA1_NON,DPS1,1,['XII:115380:T:C:DPS1:upstream_gene_variant:c.-3805A>G:nan:1/1'],['EvolvingFront_WGS_Plate5_H11']
8,IRA1_NON,PUF3,17,"['XII:123802:AG:AGG:PUF3:frameshift_variant:c.911dupC:p.Tyr305fs:1/1', 'XII:123298:T:A:PUF3:stop_gained:c.1417A>T:p.Lys473*:1/1', 'XII:122206:C:A:PUF3:stop_gained:c.2509G>T:p.Glu837*:1/1', 'XII:122370:ATAGATTTTTCGACCACGTTGGAGGCAAATTTATGTT:A:PUF3:disruptive_inframe_deletion:c.2309_2344delAACATAAATTTGCCTCCAACGTGGTCGAAAAATCTA:p.Lys770_Ser781del:1/1', 'XII:123074:GC:TC:PUF3:stop_gained:c.1641C>A:p.Cys547*:0|0', 'XII:122592:G:T:PUF3:stop_gained:c.2123C>A:p.Ser708*:1/1', 'XII:123802:AG:A:PUF3:frameshift_variant:c.912delC:p.Tyr305fs:1/1', 'XII:123969:G:T:PUF3:stop_gained:c.746C>A:p.Ser249*:1/1', 'XII:122900:AT:A:PUF3:frameshift_variant:c.1814delA:p.Asn605fs:1/1', 'XII:122906:T:TG:PUF3:frameshift_variant:c.1808_1809insC:p.Gln603fs:1/1', 'XII:122900:AT:A:PUF3:frameshift_variant:c.1814delA:p.Asn605fs:0/1', 'XII:122380:C:A:PUF3:stop_gained:c.2335G>T:p.Glu779*:1/1', 'XII:123646:T:A:PUF3:stop_gained:c.1069A>T:p.Lys357*:1/1', 'XII:122900:AT:ATT:PUF3:frameshift_variant:c.1813dupA:p.Asn605fs:1/1', 'XII:122168:A:C:PUF3:stop_gained:c.2547T>G:p.Tyr849*:1/1', 'XII:122351:AT:A:PUF3:frameshift_variant:c.2363delA:p.Asn788fs:1/1', 'XII:122687:T:TA:PUF3:frameshift_variant:c.2027dupT:p.Leu676fs:1/1']","['EvolvingFront_WGS_Plate5_H11', 'EvolvingFront_WGS_Plate5_H11', 'EvolvingFront_WGS_Plate5_H11', 'EvolvingFront_WGS_Plate5_H11', 'EvolvingFront_WGS_Plate5_H11', 'EvolvingFront_WGS_Plate5_H11', 'EvolvingFront_WGS_Plate5_H11', 'EvolvingFront_WGS_Plate5_H11', 'EvolvingFront_WGS_Plate5_H11', 'EvolvingFront_WGS_Plate5_H11', 'EvolvingFront_WGS_Plate5_H11', 'EvolvingFront_WGS_Plate5_H11', 'EvolvingFront_WGS_Plate5_H11', 'EvolvingFront_WGS_Plate5_H11', 'EvolvingFront_WGS_Plate5_H11', 'EvolvingFront_WGS_Plate5_H11', 'EvolvingFront_WGS_Plate5_H11']"
9,IRA1_NON,YJR011C,1,['X:464355:T:TTA:YJR011C:upstream_gene_variant:c.-4930_-4929insTA:nan:0/1'],['EvolvingFront_WGS_Plate5_H11']
10,IRA1_NON,RRP6,1,['XV:327890:G:T:RRP6:synonymous_variant:c.1059G>T:p.Pro353Pro:1/1'],['EvolvingFront_WGS_Plate5_H11']
11,IRA1_NON,SPO71,1,['IV:664606:G:A:SPO71:missense_variant:c.305C>T:p.Thr102Ile:1/1'],['EvolvingFront_WGS_Plate5_H11']
12,IRA1_NON,UBP5,1,['V:458603:A:T:UBP5:missense_variant:c.1621T>A:p.Ser541Thr:1/1'],['EvolvingFront_WGS_Plate5_H11']
13,IRA1_NON,tV(AAC)G2,1,['VII:823535:G:A:tV(AAC)G2:synonymous_variant:c.54G>A:p.Gln18Gln:1/1'],['EvolvingFront_WGS_Plate5_H11']
14,IRA1_NON,GSH1,1,['X:235994:G:T:GSH1:missense_variant:c.363C>A:p.Asn121Lys:1/1'],['EvolvingFront_WGS_Plate5_H11']
15,IRA1_NON,YER066C-A,1,['V:291947:T:G:YER066C-A:missense_variant:c.257A>C:p.Glu86Ala:1/1'],['EvolvingFront_WGS_Plate5_H11']
16,IRA1_NON,RAX1,1,['XV:881207:C:A:RAX1:synonymous_variant:c.243C>A:p.Ile81Ile:1/1'],['EvolvingFront_WGS_Plate5_H11']
17,IRA1_NON,FCY22,1,['V:276518:G:T:FCY22:upstream_gene_variant:c.-54G>T:nan:1/1'],['EvolvingFront_WGS_Plate5_H11']
18,IRA1_NON,TDA2,2,"['V:303524:AT:A:TDA2:upstream_gene_variant:c.-1198delA:nan:0/1', 'V:303524:AT:ATT:TDA2:upstream_gene_variant:c.-1199_-1198insA:nan:1/1']","['EvolvingFront_WGS_Plate5_H11', 'EvolvingFront_WGS_Plate5_H11']"
19,IRA1_NON,YPF1,1,['XI:258287:C:T:YPF1:upstream_gene_variant:c.-2827G>A:nan:1/1'],['EvolvingFront_WGS_Plate5_H11']
20,IRA1_NON,tN(GUU)K,1,['XI:74664:C:A:tN(GUU)K:stop_gained:c.41C>A:p.Ser14*:1/1'],['EvolvingFront_WGS_Plate5_H11']
21,IRA1_NON,PPH21,1,['IV:220027:C:T:PPH21:missense_variant:c.745G>A:p.Val249Met:0/1'],['EvolvingFront_WGS_Plate5_H11']
22,IRA1_NON,PLB3,2,"['XV:301306:G:A:PLB3:upstream_gene_variant:c.-4043G>A:nan:0/1', 'XV:301304:A:ATG:PLB3:upstream_gene_variant:c.-4045_-4044insTG:nan:1/1']","['EvolvingFront_WGS_Plate5_H11', 'EvolvingFront_WGS_Plate5_H11']"
23,IRA1_NON,YJL211C,1,['X:37136:G:T:YJL211C:missense_variant:c.65C>A:p.Ala22Glu:1/1'],['EvolvingFront_WGS_Plate5_H11']
24,IRA1_NON,tD(GUC)D,1,['IV:569027:G:T:tD(GUC)D:missense_variant:c.64G>T:p.Val22Phe:1|1'],['EvolvingFront_WGS_Plate5_H11']
25,IRA1_NON,TIF2,1,['X:154402:G:T:TIF2:missense_variant:c.290C>A:p.Ala97Asp:1/1'],['EvolvingFront_WGS_Plate5_H11']
26,IRA1_NON,YDR034C-D,1,['IV:519408:C:G:YDR034C-D:upstream_gene_variant:n.-52G>C:nan:0/1'],['EvolvingFront_WGS_Plate5_H11']
27,IRA1_NON,YDL206W,1,['IV:90624:C:T:YDL206W:missense_variant:c.449C>T:p.Ser150Leu:1/1'],['EvolvingFront_WGS_Plate5_H11']
28,IRA1_NON,ATG26,1,['XII:532428:AT:A:ATG26:frameshift_variant:c.1965delA:p.Phe657fs:1/1'],['EvolvingFront_WGS_Plate5_H11']
29,IRA1_NON,VHS3,1,['XV:428190:C:T:VHS3:missense_variant:c.1668G>A:p.Met556Ile:1/1'],['EvolvingFront_WGS_Plate5_H11']
30,IRA1_NON,YGR283C,1,['VII:1063730:AAT:A:YGR283C:upstream_gene_variant:c.-3692_-3691delAT:nan:0/1'],['EvolvingFront_WGS_Plate5_H11']
31,IRA1_NON,DDR2,1,['XV:231806:G:GA:DDR2:upstream_gene_variant:c.-52_-51insT:nan:1/1'],['EvolvingFront_WGS_Plate5_H11']
32,IRA1_NON,DUG3,1,['XIV:280957:G:A:DUG3:missense_variant:c.526G>A:p.Asp176Asn:1/1'],['EvolvingFront_WGS_Plate5_H11']
33,IRA1_NON,RPI1,1,['IX:139591:A:G:RPI1:upstream_gene_variant:c.-1714T>C:nan:0/1'],['EvolvingFront_WGS_Plate5_H11']
34,IRA1_NON,SLP1,1,['XV:625806:G:A:SLP1:missense_variant:c.1078G>A:p.Glu360Lys:0/1'],['EvolvingFront_WGS_Plate5_H11']
35,IRA1_NON,MIT1,1,['V:142941:CAAT:C:MIT1:disruptive_inframe_deletion:c.1083_1085delTAA:p.Asn362del:0/1'],['EvolvingFront_WGS_Plate5_H11']
36,IRA1_NON,RTG2,1,['VII:27054:C:T:RTG2:missense_variant:c.431G>A:p.Gly144Asp:1/1'],['EvolvingFront_WGS_Plate5_H11']
37,IRA1_NON,ACO2,1,['X:56470:T:C:ACO2:missense_variant:c.2344A>G:p.Ile782Val:1/1'],['EvolvingFront_WGS_Plate5_H11']
38,IRA1_NON,IKI3,1,['XII:892410:C:G:IKI3:missense_variant:c.491G>C:p.Arg164Pro:1/1'],['EvolvingFront_WGS_Plate5_H11']
39,IRA1_NON,HMG2,1,['XII:1033304:C:T:HMG2:synonymous_variant:c.678C>T:p.Asn226Asn:1/1'],['EvolvingFront_WGS_Plate5_H11']
40,IRA1_NON,RPS27B,1,['VIII:151568:C:T:RPS27B:upstream_gene_variant:c.-2899G>A:nan:1/1'],['EvolvingFront_WGS_Plate5_H11']
41,IRA1_NON,CPA2,1,['X:631592:G:A:CPA2:synonymous_variant:c.1350C>T:p.Ala450Ala:1/1'],['EvolvingFront_WGS_Plate5_H11']
42,IRA1_NON,UTP15,1,['XIII:454284:G:T:UTP15:missense_variant:c.270G>T:p.Arg90Ser:1/1'],['EvolvingFront_WGS_Plate5_H11']
43,IRA1_NON,YIL166C,1,['IX:31189:C:T:YIL166C:missense_variant:c.1378G>A:p.Val460Ile:1/1'],['EvolvingFront_WGS_Plate5_H11']
44,IRA1_NON,POL32,1,['X:519554:A:T:POL32:upstream_gene_variant:c.-2041T>A:nan:1|1'],['EvolvingFront_WGS_Plate5_H11']
45,IRA1_NON,GPI13,1,['XII:79659:T:C:GPI13:missense_variant:c.547A>G:p.Lys183Glu:1/1'],['EvolvingFront_WGS_Plate5_H11']
46,IRA1_NON,YOR059C,1,['XV:441458:T:G:YOR059C:upstream_gene_variant:c.-1200A>C:nan:1/1'],['EvolvingFront_WGS_Plate5_H11']
47,IRA1_NON,RPS16B,1,['IV:308446:A:T:RPS16B:upstream_gene_variant:c.-657T>A:nan:1/1'],['EvolvingFront_WGS_Plate5_H11']
48,IRA1_NON,EHD3,1,['IV:524612:G:A:EHD3:synonymous_variant:c.102C>T:p.Thr34Thr:1/1'],['EvolvingFront_WGS_Plate5_H11']
49,IRA1_NON,KEL1,1,['VIII:414808:T:A:KEL1:missense_variant:c.2372A>T:p.Lys791Ile:1/1'],['EvolvingFront_WGS_Plate5_H11']
50,IRA1_NON,SOK2,1,['XIII:309762:A:T:SOK2:upstream_gene_variant:c.-4169T>A:nan:1/1'],['EvolvingFront_WGS_Plate5_H11']
51,IRA1_NON,nan,2,"['XII:122380:C:*:nan:nan:nan:nan:1/1', 'VIII:270889:C:*:nan:nan:nan:nan:1/1']","['EvolvingFront_WGS_Plate5_H11', 'EvolvingFront_WGS_Plate5_H11']"
52,IRA1_NON,SEN1,1,['XII:997532:A:G:SEN1:missense_variant:c.4099A>G:p.Ile1367Val:1/1'],['EvolvingFront_WGS_Plate5_H11']
53,IRA1_NON,SRB5,1,['VII:700940:T:TA:SRB5:upstream_gene_variant:c.-2573_-2572insT:nan:1/1'],['EvolvingFront_WGS_Plate5_H11']
54,IRA1_NON,NUP192,1,['X:376289:T:C:NUP192:upstream_gene_variant:c.-2490A>G:nan:1|1'],['EvolvingFront_WGS_Plate5_H11']
55,IRA1_NON,RPO41,1,['VI:60135:G:T:RPO41:missense_variant:c.1354G>T:p.Val452Phe:0/1'],['EvolvingFront_WGS_Plate5_H11']
56,IRA1_NON,AAP1,1,['VIII:203418:G:T:AAP1:upstream_gene_variant:c.-2108C>A:nan:0/1'],['EvolvingFront_WGS_Plate5_H11']
57,IRA1_NON,RSC2,1,['XII:841888:C:A:RSC2:synonymous_variant:c.558C>A:p.Val186Val:1/1'],['EvolvingFront_WGS_Plate5_H11']
58,IRA1_NON,RPL33B,1,['XV:779647:T:C:RPL33B:upstream_gene_variant:c.-242A>G:nan:0/1'],['EvolvingFront_WGS_Plate5_H11']
59,IRA1_NON,SEC66,1,['II:578883:C:G:SEC66:missense_variant:c.520C>G:p.Gln174Glu:1/1'],['EvolvingFront_WGS_Plate5_H11']
60,IRA1_NON,CUE1,1,['XIII:796187:A:G:CUE1:missense_variant:c.383A>G:p.Asp128Gly:1/1'],['EvolvingFront_WGS_Plate5_H11']
61,IRA1_NON,CDC55,1,['VII:150967:C:T:CDC55:upstream_gene_variant:c.-3578G>A:nan:0/1'],['EvolvingFront_WGS_Plate5_H11']
62,IRA1_NON,GCD10,1,['XIV:509781:A:C:GCD10:missense_variant:c.432T>G:p.Ile144Met:1/1'],['EvolvingFront_WGS_Plate5_H11']
63,IRA1_NON,OCA5,1,['VIII:46552:C:T:OCA5:missense_variant:c.1417G>A:p.Glu473Lys:1/1'],['EvolvingFront_WGS_Plate5_H11']
64,IRA1_NON,ROM2,1,['XII:863319:T:G:ROM2:synonymous_variant:c.606T>G:p.Leu202Leu:1/1'],['EvolvingFront_WGS_Plate5_H11']
65,IRA1_NON,FKH1,1,['IX:102075:C:T:FKH1:missense_variant:c.161G>A:p.Arg54Lys:1/1'],['EvolvingFront_WGS_Plate5_H11']
66,IRA1_NON,TRM1,1,['IV:698201:ATTACTTCACTGAATCAATACAACTCGTAACGGTCATATAACTGCGAGTTTGTACGCAGTTATTCTGTTTGTGAAGACAGATTATACTTCGCCGTTGAAAGATTTCT:A:TRM1:upstream_gene_variant:c.-5046_-4941del:nan:0/1'],['EvolvingFront_WGS_Plate5_H11']
67,IRA1_NON,SIN3,1,['XV:320402:T:G:SIN3:stop_gained:c.3465T>G:p.Tyr1155*:0/1'],['EvolvingFront_WGS_Plate5_H11']
68,IRA1_NON,NEW1,1,['XVI:125213:C:G:NEW1:missense_variant:c.3447C>G:p.Asn1149Lys:0/1'],['EvolvingFront_WGS_Plate5_H11']
69,IRA1_NON,YBL036C,1,['II:153682:T:G:YBL036C:upstream_gene_variant:c.-2462A>C:nan:1/1'],['EvolvingFront_WGS_Plate5_H11']
70,IRA1_NON,HLR1,1,['IV:1495439:A:G:HLR1:missense_variant:c.854A>G:p.Gln285Arg:1/1'],['EvolvingFront_WGS_Plate5_H11']
71,IRA1_NON,RKR1,1,['XIII:769996:T:C:RKR1:upstream_gene_variant:c.-1957A>G:nan:1/1'],['EvolvingFront_WGS_Plate5_H11']
72,IRA1_NON,YCL002C,1,['III:114152:G:T:YCL002C:upstream_gene_variant:c.-2477C>A:nan:1/1'],['EvolvingFront_WGS_Plate5_H11']
73,IRA1_NON,MRD1,1,['XVI:754378:T:TG:MRD1:upstream_gene_variant:c.-2460_-2459insC:nan:1/1'],['EvolvingFront_WGS_Plate5_H11']
74,IRA1_NON,RPL26A,1,['XII:819796:G:A:RPL26A:missense_variant:c.38G>A:p.Arg13Lys:1/1'],['EvolvingFront_WGS_Plate5_H11']
75,IRA1_NON,PKH3,1,['IV:1397010:A:C:PKH3:missense_variant:c.1890A>C:p.Leu630Phe:1/1'],['EvolvingFront_WGS_Plate5_H11']
76,IRA1_NON,tF(GAA)F,1,['VI:157930:A:G:tF(GAA)F:missense_variant:c.59T>C:p.Ile20Thr:1/1'],['EvolvingFront_WGS_Plate5_H11']
77,IRA1_NON,YNK1,1,['XI:313343:A:T:YNK1:upstream_gene_variant:c.-1469A>T:nan:1/1'],['EvolvingFront_WGS_Plate5_H11']
78,IRA1_NON,PBY1,1,['II:432817:C:G:PBY1:stop_gained:c.782C>G:p.Ser261*:0/1'],['EvolvingFront_WGS_Plate5_H11']
79,IRA1_NON,ENO1,1,['VII:1001693:A:G:ENO1:missense_variant:c.767A>G:p.Asp256Gly:0|1'],['EvolvingFront_WGS_Plate5_H11']
80,IRA1_NON,YDL016C,1,['IV:428801:A:C:YDL016C:upstream_gene_variant:c.-2929T>G:nan:1/1'],['EvolvingFront_WGS_Plate5_H11']
81,IRA1_NON,PEP1,1,['II:187432:T:A:PEP1:missense_variant:c.4152A>T:p.Glu1384Asp:1|1'],['EvolvingFront_WGS_Plate5_H11']
82,IRA1_NON,YGL072C,1,['VII:374429:T:C:YGL072C:upstream_gene_variant:c.-3067A>G:nan:1/1'],['EvolvingFront_WGS_Plate5_H11']
83,IRA1_NON,PBA1,1,['XII:548667:C:T:PBA1:stop_gained:c.17G>A:p.Trp6*:1/1'],['EvolvingFront_WGS_Plate5_H11']
84,IRA1_NON,SAW1,1,['I:95349:A:G:SAW1:synonymous_variant:c.663A>G:p.Lys221Lys:1/1'],['EvolvingFront_WGS_Plate5_H11']
85,IRA1_NON,RPS2,1,['VII:277819:T:C:RPS2:missense_variant:c.203T>C:p.Ile68Thr:1/1'],['EvolvingFront_WGS_Plate5_H11']
86,IRA1_NON,RTP1,1,['XIII:630854:CG:C:RTP1:frameshift_variant:c.1831delG:p.Val611fs:0/1'],['EvolvingFront_WGS_Plate5_H11']
87,IRA1_NON,YDR210W-A,1,['IV:878372:A:G:YDR210W-A:downstream_gene_variant:n.*4944A>G:nan:1|1'],['EvolvingFront_WGS_Plate5_H11']
88,IRA1_NON,RPH1,1,['V:523717:A:C:RPH1:synonymous_variant:c.349A>C:p.Arg117Arg:1/1'],['EvolvingFront_WGS_Plate5_H11']
89,IRA1_NON,YCR049C,1,['III:212039:G:T:YCR049C:synonymous_variant:c.279C>A:p.Gly93Gly:1/1'],['EvolvingFront_WGS_Plate5_H11']
90,IRA1_NON,YJL032W,1,['X:386402:T:C:YJL032W:missense_variant:c.55T>C:p.Phe19Leu:1/1'],['EvolvingFront_WGS_Plate5_H11']
91,IRA1_NON,PIN4,1,['II:124530:G:A:PIN4:missense_variant:c.230C>T:p.Ala77Val:1/1'],['EvolvingFront_WGS_Plate5_H11']
92,IRA1_NON,CCH1,1,['VII:926811:A:C:CCH1:missense_variant:c.2116A>C:p.Asn706His:1/1'],['EvolvingFront_WGS_Plate5_H11']
93,IRA1_NON,YNR040W,1,['XIV:700375:A:G:YNR040W:missense_variant:c.686A>G:p.Gln229Arg:0/1'],['EvolvingFront_WGS_Plate5_H11']
94,IRA1_NON,NOP12,1,['XV:252292:C:G:NOP12:missense_variant:c.355G>C:p.Val119Leu:0/1'],['EvolvingFront_WGS_Plate5_H11']
95,IRA1_NON,CWH43,1,['III:145870:C:T:CWH43:missense_variant:c.1765G>A:p.Val589Ile:1/1'],['EvolvingFront_WGS_Plate5_H11']
96,IRA1_NON,ILS1,1,['II:83303:G:T:ILS1:missense_variant:c.959C>A:p.Thr320Asn:1/1'],['EvolvingFront_WGS_Plate5_H11']
97,IRA1_NON,YPT10,1,['II:738070:A:G:YPT10:synonymous_variant:c.300T>C:p.Cys100Cys:1/1'],['EvolvingFront_WGS_Plate5_H11']
98,IRA1_NON,GUT2,1,['IX:53845:C:T:GUT2:upstream_gene_variant:c.-137G>A:nan:1/1'],['EvolvingFront_WGS_Plate5_H11']
99,IRA1_NON,VTC4,1,['X:416321:G:C:VTC4:upstream_gene_variant:c.-2922C>G:nan:1/1'],['EvolvingFront_WGS_Plate5_H11']
100,IRA1_NON,VPS53,1,['X:393675:TTA:TTATA:VPS53:upstream_gene_variant:c.-2825_-2824insTA:nan:0/1'],['EvolvingFront_WGS_Plate5_H11']
101,IRA1_NON,MYO2,1,['XV:928393:T:C:MYO2:synonymous_variant:c.2673T>C:p.Val891Val:1/1'],['EvolvingFront_WGS_Plate5_H11']
102,IRA1_NON,VPS8,1,['I:146682:G:C:VPS8:missense_variant:c.2976G>C:p.Trp992Cys:1/1'],['EvolvingFront_WGS_Plate5_H11']
103,IRA1_NON,MET28,1,['IX:388576:A:G:MET28:upstream_gene_variant:c.-4457T>C:nan:0|1'],['EvolvingFront_WGS_Plate5_H11']
104,IRA1_NON,STE13,1,['XV:754244:CAAATAT:C:STE13:conservative_inframe_deletion:c.760_765delATATTT:p.Ile254_Phe255del:1/1'],['EvolvingFront_WGS_Plate5_H11']
105,IRA1_NON,NPA3,1,['X:571134:C:T:NPA3:missense_variant:c.991G>A:p.Gly331Ser:1/1'],['EvolvingFront_WGS_Plate5_H11']
106,IRA1_NON,YDL228C,1,['IV:49035:C:T:YDL228C:upstream_gene_variant:c.-3117G>A:nan:1/1'],['EvolvingFront_WGS_Plate5_H11']
107,IRA1_NON,ATG27,1,['X:89869:G:C:ATG27:missense_variant:c.229C>G:p.Leu77Val:1/1'],['EvolvingFront_WGS_Plate5_H11']
108,IRA1_NON,YLL066C,1,['XII:11506:T:C:YLL066C:upstream_gene_variant:c.-1670A>G:nan:1/1'],['EvolvingFront_WGS_Plate5_H11']
109,IRA1_NON,MHT1,1,['XII:21075:T:C:MHT1:upstream_gene_variant:c.-3462A>G:nan:1/1'],['EvolvingFront_WGS_Plate5_H11']
110,IRA1_NON,MCM5,1,['XII:691635:C:A:MCM5:synonymous_variant:c.81C>A:p.Ile27Ile:0/1'],['EvolvingFront_WGS_Plate5_H11']
111,IRA1_NON,YJL202C,1,['X:59091:T:C:YJL202C:upstream_gene_variant:c.-4801A>G:nan:1/1'],['EvolvingFront_WGS_Plate5_H11']
112,IRA1_NON,BRR2,1,['V:532579:T:C:BRR2:missense_variant:c.3443A>G:p.Gln1148Arg:1/1'],['EvolvingFront_WGS_Plate5_H11']
113,IRA1_NON,FRE5,1,['XV:1062387:G:A:FRE5:missense_variant:c.824G>A:p.Gly275Glu:1/1'],['EvolvingFront_WGS_Plate5_H11']
114,IRA1_NON,LAM4,1,['VIII:271750:G:C:LAM4:upstream_gene_variant:c.-4912C>G:nan:1/1'],['EvolvingFront_WGS_Plate5_H11']
115,IRA1_NON,MND2,1,['IX:403743:A:T:MND2:missense_variant:c.85A>T:p.Asn29Tyr:1/1'],['EvolvingFront_WGS_Plate5_H11']
116,IRA1_NON,DUG2,1,['II:765435:C:G:DUG2:missense_variant:c.2172G>C:p.Leu724Phe:1/1'],['EvolvingFront_WGS_Plate5_H11']
117,IRA1_NON,DOA4,1,['IV:591443:A:G:DOA4:upstream_gene_variant:c.-3724T>C:nan:1/1'],['EvolvingFront_WGS_Plate5_H11']
118,IRA1_NON,ERG28,1,['V:237747:G:A:ERG28:synonymous_variant:c.270C>T:p.His90His:1/1'],['EvolvingFront_WGS_Plate5_H11']
119,IRA1_NON,FUN30,1,['I:116124:G:C:FUN30:missense_variant:c.1206G>C:p.Met402Ile:1/1'],['EvolvingFront_WGS_Plate5_H11']
120,IRA1_NON,RNR2,1,['X:393242:C:T:RNR2:missense_variant:c.839C>T:p.Ala280Val:1/1'],['EvolvingFront_WGS_Plate5_H11']
121,IRA1_NON,SPC72,1,['I:56424:T:A:SPC72:missense_variant:c.434A>T:p.Glu145Val:1/1'],['EvolvingFront_WGS_Plate5_H11']
122,IRA1_NON,IST2,1,['II:422284:G:T:IST2:missense_variant:c.758C>A:p.Ser253Tyr:1/1'],['EvolvingFront_WGS_Plate5_H11']
123,IRA1_NON,LYS14,1,['IV:513781:G:C:LYS14:upstream_gene_variant:c.-1672C>G:nan:1/1'],['EvolvingFront_WGS_Plate5_H11']
124,IRA1_NON,MTR3,1,['VII:809678:A:C:MTR3:upstream_gene_variant:c.-3657T>G:nan:1/1'],['EvolvingFront_WGS_Plate5_H11']
125,IRA1_NON,SEF1,1,['II:96943:G:A:SEF1:missense_variant:c.3173C>T:p.Pro1058Leu:1/1'],['EvolvingFront_WGS_Plate5_H11']
126,IRA1_NON,ISW1,1,['II:712783:ACTAATATATAGGCTAATATATAGG:A:ISW1:upstream_gene_variant:c.-1268_-1245delCCTATATATTAGCCTATATATTAG:nan:1/1'],['EvolvingFront_WGS_Plate5_H11']
127,IRA1_NON,YGR240C-A,1,['VII:974619:T:C:YGR240C-A:missense_variant:c.159A>G:p.Ile53Met:1/1'],['EvolvingFront_WGS_Plate5_H11']
128,IRA1_NON,SLS1,1,['XII:427301:A:G:SLS1:upstream_gene_variant:c.-3828T>C:nan:1/1'],['EvolvingFront_WGS_Plate5_H11']
129,IRA1_NON,PSP1,1,['IV:1461783:A:T:PSP1:upstream_gene_variant:c.-2563T>A:nan:1/1'],['EvolvingFront_WGS_Plate5_H11']
130,IRA1_NON,NPR1,1,['XIV:298014:G:A:NPR1:upstream_gene_variant:c.-2505C>T:nan:1/1'],['EvolvingFront_WGS_Plate5_H11']
131,IRA1_NON,YDR320W-B,1,['IV:1108583:GT:G:YDR320W-B:frameshift_variant:c.101delT:p.Val34fs:1|1'],['EvolvingFront_WGS_Plate5_H11']
132,IRA1_NON,TMN3,1,['V:388195:A:G:TMN3:missense_variant:c.1858T>C:p.Phe620Leu:1/1'],['EvolvingFront_WGS_Plate5_H11']
133,IRA1_NON,RAD50,1,['XIV:178715:T:C:RAD50:synonymous_variant:c.3306T>C:p.Asp1102Asp:1/1'],['EvolvingFront_WGS_Plate5_H11']
134,IRA1_NON,PUF2,1,['XVI:650481:T:TTATTATTATTACTATTATTAC:PUF2:conservative_inframe_insertion:c.3161_3181dupGTAATAATAGTAATAATAATA:p.Ser1054_Asn1060dup:1/1'],['EvolvingFront_WGS_Plate5_H11']
135,IRA1_NON,SUP19,1,['V:288507:C:T:SUP19:stop_gained:c.18G>A:p.Trp6*:1/1'],['EvolvingFront_WGS_Plate5_H11']
136,IRA1_NON,FPK1,1,['XIV:709032:C:T:FPK1:synonymous_variant:c.510C>T:p.His170His:1/1'],['EvolvingFront_WGS_Plate5_H11']
137,IRA1_NON,ARH1,1,['IV:1227427:C:T:ARH1:synonymous_variant:c.606C>T:p.Ile202Ile:1/1'],['EvolvingFront_WGS_Plate5_H11']
138,IRA1_NON,SGT1,1,['XV:433315:T:G:SGT1:missense_variant:c.1130T>G:p.Val377Gly:1/1'],['EvolvingFront_WGS_Plate5_H11']
139,IRA1_NON,IMG2,1,['III:240216:G:T:IMG2:missense_variant:c.328C>A:p.Gln110Lys:1/1'],['EvolvingFront_WGS_Plate5_H11']
140,IRA1_MIS,CYT2,2,"['XI:278880:G:C:CYT2:upstream_gene_variant:c.-1017C>G:nan:1/1', 'XI:278877:T:C:CYT2:upstream_gene_variant:c.-1014A>G:nan:1/1']","['EvolvingFront_WGS_Plate5_H11', 'EvolvingFront_WGS_Plate5_H11']"
141,IRA1_MIS,FMP27,1,['XII:1047634:T:C:FMP27:missense_variant:c.3637T>C:p.Trp1213Arg:0/1'],['EvolvingFront_WGS_Plate5_H11']
142,IRA1_MIS,MKT1,4,"['XIV:467219:A:T:MKT1:missense_variant:c.89A>T:p.Asp30Val:1/1', 'XIV:467219:A:C:MKT1:missense_variant:c.89A>C:p.Asp30Ala:1/1', 'XIV:467219:A:G:MKT1:missense_variant:c.89A>G:p.Asp30Gly:1/1', 'XIV:467219:A:T:MKT1:missense_variant:c.89A>T:p.Asp30Val:0/1']","['EvolvingFront_WGS_Plate5_H11', 'EvolvingFront_WGS_Plate5_H11', 'EvolvingFront_WGS_Plate5_H11', 'EvolvingFront_WGS_Plate5_H11']"
143,IRA1_MIS,MMS4,1,['II:441856:C:T:MMS4:synonymous_variant:c.342C>T:p.Asn114Asn:1/1'],['EvolvingFront_WGS_Plate5_H11']
144,IRA1_MIS,IRA1,1,['II:521600:C:A:IRA1:stop_gained:c.5029G>T:p.Glu1677*:1/1'],['EvolvingFront_WGS_Plate5_H11']
145,IRA1_MIS,SPB1,1,['III:32114:G:T:SPB1:missense_variant:c.666G>T:p.Leu222Phe:1/1'],['EvolvingFront_WGS_Plate5_H11']
146,IRA1_MIS,SEO1,1,['I:9660:G:C:SEO1:upstream_gene_variant:c.-644C>G:nan:1/1'],['EvolvingFront_WGS_Plate5_H11']
147,IRA1_MIS,YIL177W-A,2,"['IX:41:C:CA:YIL177W-A:upstream_gene_variant:c.-805_-804insA:nan:0/1', 'IX:41:C:CA:YIL177W-A:upstream_gene_variant:c.-805_-804insA:nan:0|0']","['EvolvingFront_WGS_Plate5_H11', 'EvolvingFront_WGS_Plate5_H11']"
148,IRA1_MIS,COS5,1,['X:745342:T:C:COS5:upstream_gene_variant:c.-1343A>G:nan:1/1'],['EvolvingFront_WGS_Plate5_H11']
149,IRA1_MIS,ASE1,1,['XV:436911:A:G:ASE1:upstream_gene_variant:c.-566T>C:nan:1/1'],['EvolvingFront_WGS_Plate5_H11']
150,IRA1_MIS,SQS1,1,['XIV:229806:C:T:SQS1:upstream_gene_variant:c.-2707G>A:nan:1/1'],['EvolvingFront_WGS_Plate5_H11']
151,IRA1_MIS,PAB1,8,"['V:510727:T:C:PAB1:missense_variant:c.355T>C:p.Ser119Pro:1/1', 'V:510670:A:G:PAB1:missense_variant:c.298A>G:p.Asn100Asp:1/1', 'V:510833:C:T:PAB1:missense_variant:c.461C>T:p.Ser154Phe:1/1', 'V:510581:G:T:PAB1:missense_variant:c.209G>T:p.Cys70Phe:1/1', 'V:510753:C:G:PAB1:missense_variant:c.381C>G:p.Asn127Lys:1/1', 'V:510752:A:G:PAB1:missense_variant:c.380A>G:p.Asn127Ser:1/1', 'V:510625:A:G:PAB1:missense_variant:c.253A>G:p.Asn85Asp:1/1', 'V:510502:G:T:PAB1:missense_variant:c.130G>T:p.Asp44Tyr:1/1']","['EvolvingFront_WGS_Plate5_H11', 'EvolvingFront_WGS_Plate5_H11', 'EvolvingFront_WGS_Plate5_H11', 'EvolvingFront_WGS_Plate5_H11', 'EvolvingFront_WGS_Plate5_H11', 'EvolvingFront_WGS_Plate5_H11', 'EvolvingFront_WGS_Plate5_H11', 'EvolvingFront_WGS_Plate5_H11']"
152,IRA1_MIS,PAA1,1,['IV:589246:C:T:PAA1:missense_variant:c.157G>A:p.Glu53Lys:1/1'],['EvolvingFront_WGS_Plate5_H11']
153,IRA1_MIS,UBA1,1,['XI:40072:G:A:UBA1:missense_variant:c.910G>A:p.Val304Ile:1/1'],['EvolvingFront_WGS_Plate5_H11']
154,IRA1_MIS,ARO7,1,['XVI:675346:G:C:ARO7:missense_variant:c.286C>G:p.Pro96Ala:1/1'],['EvolvingFront_WGS_Plate5_H11']
155,IRA1_MIS,ENP1,1,['II:713469:C:T:ENP1:synonymous_variant:c.987G>A:p.Gly329Gly:1/1'],['EvolvingFront_WGS_Plate5_H11']
156,IRA1_MIS,MIT1,2,"['V:142941:CAAT:CAATAAT:MIT1:disruptive_inframe_insertion:c.1083_1085dupTAA:p.Asn362dup:0/1', 'V:142941:CAAT:C:MIT1:disruptive_inframe_deletion:c.1083_1085delTAA:p.Asn362del:0/1']","['EvolvingFront_WGS_Plate5_H11', 'EvolvingFront_WGS_Plate5_H11']"
157,IRA1_MIS,RTG2,10,"['VII:27333:C:A:RTG2:missense_variant:c.152G>T:p.Arg51Met:0/1', 'VII:26596:A:C:RTG2:missense_variant:c.889T>G:p.Phe297Val:0/1', 'VII:26766:C:G:RTG2:missense_variant:c.719G>C:p.Arg240Pro:1/1', 'VII:26598:A:C:RTG2:missense_variant:c.887T>G:p.Ile296Arg:1/1', 'VII:26030:C:T:RTG2:missense_variant:c.1455G>A:p.Met485Ile:0/1', 'VII:25822:C:G:RTG2:missense_variant:c.1663G>C:p.Ala555Pro:1/1', 'VII:26496:C:A:RTG2:missense_variant:c.989G>T:p.Ser330Ile:1/1', 'VII:25822:C:T:RTG2:missense_variant:c.1663G>A:p.Ala555Thr:1/1', 'VII:26922:C:G:RTG2:missense_variant:c.563G>C:p.Gly188Ala:1/1', 'VII:25816:C:T:RTG2:missense_variant:c.1669G>A:p.Val557Ile:1/1']","['EvolvingFront_WGS_Plate5_H11', 'EvolvingFront_WGS_Plate5_H11', 'EvolvingFront_WGS_Plate5_H11', 'EvolvingFront_WGS_Plate5_H11', 'EvolvingFront_WGS_Plate5_H11', 'EvolvingFront_WGS_Plate5_H11', 'EvolvingFront_WGS_Plate5_H11', 'EvolvingFront_WGS_Plate5_H11', 'EvolvingFront_WGS_Plate5_H11', 'EvolvingFront_WGS_Plate5_H11']"
158,IRA1_MIS,NUM1,2,"['IV:759923:G:A:NUM1:missense_variant:c.4296G>A:p.Met1432Ile:1/1', 'IV:760391:A:G:NUM1:synonymous_variant:c.4764A>G:p.Ser1588Ser:0/1']","['EvolvingFront_WGS_Plate5_H11', 'EvolvingFront_WGS_Plate5_H11']"
159,IRA1_MIS,RCY1,1,['X:56388:C:T:RCY1:upstream_gene_variant:c.-3237G>A:nan:1/1'],['EvolvingFront_WGS_Plate5_H11']
160,IRA1_MIS,RAV1,1,['X:494612:A:T:RAV1:missense_variant:c.1840T>A:p.Cys614Ser:1/1'],['EvolvingFront_WGS_Plate5_H11']
161,IRA1_MIS,SSH4,1,['XI:211431:T:A:SSH4:missense_variant:c.839T>A:p.Ile280Lys:1/1'],['EvolvingFront_WGS_Plate5_H11']
162,IRA1_MIS,MUB1,1,['XIII:466484:C:T:MUB1:missense_variant:c.185C>T:p.Ala62Val:1/1'],['EvolvingFront_WGS_Plate5_H11']
163,IRA1_MIS,RCO1,1,['XIII:414264:A:C:RCO1:missense_variant:c.283A>C:p.Lys95Gln:0/1'],['EvolvingFront_WGS_Plate5_H11']
164,IRA1_MIS,RRB1,1,['XIII:537660:A:C:RRB1:upstream_gene_variant:c.-2962T>G:nan:0/1'],['EvolvingFront_WGS_Plate5_H11']
165,IRA1_MIS,MKS1,8,"['XIV:483780:TA:T:MKS1:frameshift_variant:c.232delA:p.Arg78fs:0/1', 'XIV:484747:GT:G:MKS1:frameshift_variant:c.1195delT:p.Ser399fs:0/1', 'XIV:484486:G:T:MKS1:stop_gained:c.931G>T:p.Glu311*:0/1', 'XIV:484471:G:T:MKS1:stop_gained:c.916G>T:p.Glu306*:0/1', 'XIV:484140:TATCACTGGTTTTGATACA:T:MKS1:disruptive_inframe_deletion:c.587_604delTCACTGGTTTTGATACAA:p.Ile196_Thr201del:1/1', 'XIV:483722:A:G:MKS1:missense_variant:c.167A>G:p.Asn56Ser:1/1', 'XIV:483616:C:T:MKS1:missense_variant:c.61C>T:p.Pro21Ser:1/1', 'XIV:484664:T:C:MKS1:missense_variant:c.1109T>C:p.Leu370Ser:1/1']","['EvolvingFront_WGS_Plate5_H11', 'EvolvingFront_WGS_Plate5_H11', 'EvolvingFront_WGS_Plate5_H11', 'EvolvingFront_WGS_Plate5_H11', 'EvolvingFront_WGS_Plate5_H11', 'EvolvingFront_WGS_Plate5_H11', 'EvolvingFront_WGS_Plate5_H11', 'EvolvingFront_WGS_Plate5_H11']"
166,IRA1_MIS,ISM1,1,['XVI:476727:G:T:ISM1:missense_variant:c.2275C>A:p.Gln759Lys:0/1'],['EvolvingFront_WGS_Plate5_H11']
167,IRA1_MIS,EPS1,1,['IX:346886:T:G:EPS1:missense_variant:c.1195T>G:p.Phe399Val:0/1'],['EvolvingFront_WGS_Plate5_H11']
168,IRA1_MIS,NTG1,2,"['I:127658:C:A:NTG1:missense_variant:c.445G>T:p.Gly149Trp:0/1', 'I:127067:C:A:NTG1:stop_gained:c.1036G>T:p.Glu346*:0/1']","['EvolvingFront_WGS_Plate5_H11', 'EvolvingFront_WGS_Plate5_H11']"
169,IRA1_MIS,TFA1,2,"['XI:387148:GTGA:G:TFA1:disruptive_inframe_deletion:c.1419_1421delTGA:p.Asp473del:0/1', 'XI:387148:GTGA:GTGATGA:TFA1:disruptive_inframe_insertion:c.1419_1421dupTGA:p.Asp473dup:0/1']","['EvolvingFront_WGS_Plate5_H11', 'EvolvingFront_WGS_Plate5_H11']"
170,IRA1_MIS,PUT2,1,['VIII:182216:G:A:PUT2:synonymous_variant:c.240G>A:p.Pro80Pro:1/1'],['EvolvingFront_WGS_Plate5_H11']
171,IRA1_MIS,COY1,1,['XI:111607:C:A:COY1:missense_variant:c.897G>T:p.Gln299His:1/1'],['EvolvingFront_WGS_Plate5_H11']
172,IRA1_MIS,BSC4,1,['XIV:137755:G:C:BSC4:missense_variant:c.57G>C:p.Lys19Asn:1/1'],['EvolvingFront_WGS_Plate5_H11']
173,IRA1_MIS,KGD1,3,"['IX:123785:C:T:KGD1:missense_variant:c.1097C>T:p.Ala366Val:0/1', 'IX:124444:T:G:KGD1:missense_variant:c.1756T>G:p.Phe586Val:1/1', 'IX:123069:G:T:KGD1:missense_variant:c.381G>T:p.Leu127Phe:1/1']","['EvolvingFront_WGS_Plate5_H11', 'EvolvingFront_WGS_Plate5_H11', 'EvolvingFront_WGS_Plate5_H11']"
174,IRA1_MIS,DSN1,1,['IX:375791:G:GATGCGACTGCAA:DSN1:disruptive_inframe_insertion:c.396_407dupAAATGCGACTGC:p.Ala136_Asn137insAsnAlaThrAla:0/1'],['EvolvingFront_WGS_Plate5_H11']
175,IRA1_MIS,TDH2,1,['X:454031:C:A:TDH2:missense_variant:c.651G>T:p.Lys217Asn:0/1'],['EvolvingFront_WGS_Plate5_H11']
176,IRA1_MIS,HOC1,1,['X:574789:C:A:HOC1:missense_variant:c.809C>A:p.Ala270Glu:0/1'],['EvolvingFront_WGS_Plate5_H11']
177,IRA1_MIS,ILM1,1,['X:647506:T:C:ILM1:upstream_gene_variant:c.-3405A>G:nan:0/1'],['EvolvingFront_WGS_Plate5_H11']
178,IRA1_MIS,KRI1,1,['XIV:58869:C:G:KRI1:upstream_gene_variant:c.-2972G>C:nan:0/1'],['EvolvingFront_WGS_Plate5_H11']
179,IRA1_MIS,SFM1,1,['XV:372916:G:T:SFM1:missense_variant:c.524C>A:p.Ala175Asp:0/1'],['EvolvingFront_WGS_Plate5_H11']
180,IRA1_MIS,CIT1,14,"['XIV:630227:C:A:CIT1:missense_variant:c.835G>T:p.Gly279Cys:1/1', 'XIV:630808:C:T:CIT1:missense_variant:c.254G>A:p.Arg85Lys:1/1', 'XIV:629939:CGA:C:CIT1:frameshift_variant:c.1121_1122delTC:p.Phe374fs:1|1', 'XIV:629984:C:G:CIT1:missense_variant:c.1078G>C:p.Val360Leu:1/1', 'XIV:630809:T:C:CIT1:missense_variant:c.253A>G:p.Arg85Gly:1/1', 'XIV:629738:C:T:CIT1:missense_variant:c.1324G>A:p.Gly442Ser:1/1', 'XIV:630198:T:G:CIT1:missense_variant:c.864A>C:p.Leu288Phe:1/1', 'XIV:629822:A:G:CIT1:missense_variant:c.1240T>C:p.Ser414Pro:1/1', 'XIV:630137:C:T:CIT1:missense_variant:c.925G>A:p.Gly309Ser:1/1', 'XIV:631351:C:T:CIT1:upstream_gene_variant:c.-290G>A:nan:1/1', 'XIV:629987:C:T:CIT1:missense_variant:c.1075G>A:p.Ala359Thr:1/1', 'XIV:630215:C:T:CIT1:missense_variant:c.847G>A:p.Ala283Thr:1/1', 'XIV:629755:C:A:CIT1:missense_variant:c.1307G>T:p.Gly436Val:1/1', 'XIV:630424:T:C:CIT1:missense_variant:c.638A>G:p.Asp213Gly:1/1']","['EvolvingFront_WGS_Plate5_H11', 'EvolvingFront_WGS_Plate5_H11', 'EvolvingFront_WGS_Plate5_H11', 'EvolvingFront_WGS_Plate5_H11', 'EvolvingFront_WGS_Plate5_H11', 'EvolvingFront_WGS_Plate5_H11', 'EvolvingFront_WGS_Plate5_H11', 'EvolvingFront_WGS_Plate5_H11', 'EvolvingFront_WGS_Plate5_H11', 'EvolvingFront_WGS_Plate5_H11', 'EvolvingFront_WGS_Plate5_H11', 'EvolvingFront_WGS_Plate5_H11', 'EvolvingFront_WGS_Plate5_H11', 'EvolvingFront_WGS_Plate5_H11']"
181,IRA1_MIS,TOR1,1,['X:561336:A:T:TOR1:missense_variant:c.1921A>T:p.Ile641Phe:1/1'],['EvolvingFront_WGS_Plate5_H11']
182,IRA1_MIS,FAS2,1,['XVI:113739:G:T:FAS2:missense_variant:c.5088G>T:p.Lys1696Asn:1/1'],['EvolvingFront_WGS_Plate5_H11']
183,IRA1_MIS,YHR028W-A,1,['VIII:167568:T:G:YHR028W-A:missense_variant:c.217T>G:p.Ser73Ala:1|1'],['EvolvingFront_WGS_Plate5_H11']
184,IRA1_MIS,GIS2,1,['XIV:171429:GT:G:GIS2:upstream_gene_variant:c.-3640delA:nan:1/1'],['EvolvingFront_WGS_Plate5_H11']
185,IRA1_MIS,YBR134W,1,['II:504411:G:A:YBR134W:missense_variant:c.169G>A:p.Gly57Arg:1/1'],['EvolvingFront_WGS_Plate5_H11']
186,IRA1_MIS,SWI5,1,['IV:753261:C:G:SWI5:upstream_gene_variant:c.-2519G>C:nan:1/1'],['EvolvingFront_WGS_Plate5_H11']
187,IRA1_MIS,ARO80,7,"['IV:1314288:C:A:ARO80:missense_variant:c.2249C>A:p.Ala750Glu:1/1', 'IV:1314755:A:C:ARO80:missense_variant:c.2716A>C:p.Thr906Pro:1/1', 'IV:1314743:G:A:ARO80:missense_variant:c.2704G>A:p.Val902Ile:1/1', 'IV:1314734:C:T:ARO80:missense_variant:c.2695C>T:p.Leu899Phe:1/1', 'IV:1314773:C:T:ARO80:stop_gained:c.2734C>T:p.Arg912*:1/1', 'IV:1314765:T:C:ARO80:missense_variant:c.2726T>C:p.Ile909Thr:1/1', 'IV:1313193:G:A:ARO80:missense_variant:c.1154G>A:p.Gly385Asp:1/1']","['EvolvingFront_WGS_Plate5_H11', 'EvolvingFront_WGS_Plate5_H11', 'EvolvingFront_WGS_Plate5_H11', 'EvolvingFront_WGS_Plate5_H11', 'EvolvingFront_WGS_Plate5_H11', 'EvolvingFront_WGS_Plate5_H11', 'EvolvingFront_WGS_Plate5_H11']"
188,IRA1_MIS,MDN1,1,['XII:368443:A:G:MDN1:upstream_gene_variant:c.-4705T>C:nan:1/1'],['EvolvingFront_WGS_Plate5_H11']
189,IRA1_MIS,PET8,1,['XIV:628723:C:A:PET8:upstream_gene_variant:c.-2894G>T:nan:1/1'],['EvolvingFront_WGS_Plate5_H11']
190,IRA1_MIS,PFK1,1,['VII:976933:C:T:PFK1:upstream_gene_variant:c.-3199G>A:nan:1/1'],['EvolvingFront_WGS_Plate5_H11']
191,IRA1_MIS,DBP7,1,['XI:486504:G:T:DBP7:missense_variant:c.869C>A:p.Thr290Lys:0/1'],['EvolvingFront_WGS_Plate5_H11']
192,IRA1_MIS,DIP2,1,['XII:401118:T:G:DIP2:missense_variant:c.1462T>G:p.Leu488Val:0/1'],['EvolvingFront_WGS_Plate5_H11']
193,IRA1_MIS,RIF2,2,"['XII:1041860:T:C:RIF2:missense_variant:c.1127A>G:p.Tyr376Cys:0/1', 'XII:1042284:C:G:RIF2:missense_variant:c.703G>C:p.Val235Leu:0/1']","['EvolvingFront_WGS_Plate5_H11', 'EvolvingFront_WGS_Plate5_H11']"
194,IRA1_MIS,DFG5,1,['XIII:747630:C:A:DFG5:missense_variant:c.1278C>A:p.Asn426Lys:0/1'],['EvolvingFront_WGS_Plate5_H11']
195,IRA1_MIS,ATG26,1,['XII:536758:C:A:ATG26:upstream_gene_variant:c.-2365G>T:nan:1/1'],['EvolvingFront_WGS_Plate5_H11']
196,IRA1_MIS,GSH1,3,"['X:235452:G:T:GSH1:missense_variant:c.905C>A:p.Ala302Asp:1/1', 'X:235138:C:T:GSH1:missense_variant:c.1219G>A:p.Ala407Thr:1/1', 'X:235711:C:A:GSH1:missense_variant:c.646G>T:p.Val216Phe:1/1']","['EvolvingFront_WGS_Plate5_H11', 'EvolvingFront_WGS_Plate5_H11', 'EvolvingFront_WGS_Plate5_H11']"
197,IRA1_MIS,SHR5,1,['XV:109215:A:G:SHR5:missense_variant:c.40A>G:p.Thr14Ala:0/1'],['EvolvingFront_WGS_Plate5_H11']
198,IRA1_MIS,HEL1,1,['XI:473688:T:TA:HEL1:upstream_gene_variant:c.-340_-339insT:nan:1/1'],['EvolvingFront_WGS_Plate5_H11']
199,IRA1_MIS,EMG1,1,['XII:523836:A:G:EMG1:missense_variant:c.205A>G:p.Asn69Asp:0/1'],['EvolvingFront_WGS_Plate5_H11']
200,IRA1_MIS,FSH2,1,['XIII:715983:A:G:FSH2:synonymous_variant:c.327T>C:p.Phe109Phe:1/1'],['EvolvingFront_WGS_Plate5_H11']
201,IRA1_MIS,SEC63,1,['XV:805907:G:T:SEC63:missense_variant:c.1117C>A:p.Gln373Lys:0/1'],['EvolvingFront_WGS_Plate5_H11']
202,IRA1_MIS,SPT6,1,['VII:719982:T:C:SPT6:upstream_gene_variant:c.-427T>C:nan:0/1'],['EvolvingFront_WGS_Plate5_H11']
203,IRA1_MIS,VPS53,1,['X:393675:TTA:T:VPS53:upstream_gene_variant:c.-2824_-2823delTA:nan:0/1'],['EvolvingFront_WGS_Plate5_H11']
204,IRA1_MIS,SGS1,1,['XIII:649689:G:A:SGS1:upstream_gene_variant:c.-4431C>T:nan:0/1'],['EvolvingFront_WGS_Plate5_H11']
205,IRA1_MIS,RPC40,1,['XVI:749067:C:T:RPC40:upstream_gene_variant:c.-2232G>A:nan:1/1'],['EvolvingFront_WGS_Plate5_H11']
206,IRA1_MIS,YGR283C,1,['VII:1063730:AAT:AATAT:YGR283C:upstream_gene_variant:c.-3693_-3692insAT:nan:0/1'],['EvolvingFront_WGS_Plate5_H11']
207,IRA1_MIS,BXI1,1,['XIV:64778:G:A:BXI1:upstream_gene_variant:c.-4987C>T:nan:1/1'],['EvolvingFront_WGS_Plate5_H11']
208,IRA1_MIS,ACK1,1,['IV:97040:G:T:ACK1:stop_gained:c.914C>A:p.Ser305*:0/1'],['EvolvingFront_WGS_Plate5_H11']
209,IRA1_MIS,KSS1,1,['VII:575926:A:C:KSS1:missense_variant:c.529A>C:p.Thr177Pro:0/1'],['EvolvingFront_WGS_Plate5_H11']
210,IRA1_MIS,RIM15,1,['VI:73368:T:C:RIM15:missense_variant:c.1060A>G:p.Asn354Asp:1/1'],['EvolvingFront_WGS_Plate5_H11']
211,IRA1_MIS,SHQ1,1,['IX:171029:G:T:SHQ1:synonymous_variant:c.477C>A:p.Ser159Ser:1/1'],['EvolvingFront_WGS_Plate5_H11']
212,IRA1_MIS,ECM21,1,['II:25615:G:T:ECM21:synonymous_variant:c.2685C>A:p.Gly895Gly:1/1'],['EvolvingFront_WGS_Plate5_H11']
213,IRA1_MIS,RPN2,1,['IX:220605:C:T:RPN2:synonymous_variant:c.96G>A:p.Val32Val:1/1'],['EvolvingFront_WGS_Plate5_H11']
214,IRA1_MIS,PUF3,14,"['XII:123660:G:C:PUF3:stop_gained:c.1055C>G:p.Ser352*:1/1', 'XII:124681:C:A:PUF3:stop_gained:c.34G>T:p.Glu12*:1/1', 'XII:122900:AT:A:PUF3:frameshift_variant:c.1814delA:p.Asn605fs:1/1', 'XII:123040:C:A:PUF3:stop_gained:c.1675G>T:p.Glu559*:1/1', 'XII:123802:AG:AGG:PUF3:frameshift_variant:c.911dupC:p.Tyr305fs:1/1', 'XII:122900:AT:ATT:PUF3:frameshift_variant:c.1813dupA:p.Asn605fs:1/1', 'XII:122514:T:C:PUF3:missense_variant:c.2201A>G:p.Tyr734Cys:1/1', 'XII:123802:AG:A:PUF3:frameshift_variant:c.912delC:p.Tyr305fs:1/1', 'XII:123111:G:T:PUF3:stop_gained:c.1604C>A:p.Ser535*:1/1', 'XII:123196:G:A:PUF3:stop_gained:c.1519C>T:p.Gln507*:1/1', 'XII:122401:T:A:PUF3:stop_gained:c.2314A>T:p.Lys772*:1/1', 'XII:123676:C:A:PUF3:stop_gained:c.1039G>T:p.Glu347*:1/1', 'XII:123074:GC:TC:PUF3:stop_gained:c.1641C>A:p.Cys547*:1/1', 'XII:124241:G:C:PUF3:stop_gained:c.474C>G:p.Tyr158*:1/1']","['EvolvingFront_WGS_Plate5_H11', 'EvolvingFront_WGS_Plate5_H11', 'EvolvingFront_WGS_Plate5_H11', 'EvolvingFront_WGS_Plate5_H11', 'EvolvingFront_WGS_Plate5_H11', 'EvolvingFront_WGS_Plate5_H11', 'EvolvingFront_WGS_Plate5_H11', 'EvolvingFront_WGS_Plate5_H11', 'EvolvingFront_WGS_Plate5_H11', 'EvolvingFront_WGS_Plate5_H11', 'EvolvingFront_WGS_Plate5_H11', 'EvolvingFront_WGS_Plate5_H11', 'EvolvingFront_WGS_Plate5_H11', 'EvolvingFront_WGS_Plate5_H11']"
215,IRA1_MIS,VCX1,1,['IV:232297:T:A:VCX1:upstream_gene_variant:c.-355T>A:nan:0/1'],['EvolvingFront_WGS_Plate5_H11']
216,IRA1_MIS,TRL1,1,['X:271142:G:A:TRL1:synonymous_variant:c.1344C>T:p.Ile448Ile:0/1'],['EvolvingFront_WGS_Plate5_H11']
217,IRA1_MIS,GEX1,1,['III:8903:C:A:GEX1:upstream_gene_variant:c.-577G>T:nan:1/1'],['EvolvingFront_WGS_Plate5_H11']
218,IRA1_MIS,ABD1,1,['II:691725:C:T:ABD1:upstream_gene_variant:c.-32G>A:nan:1/1'],['EvolvingFront_WGS_Plate5_H11']
219,IRA1_MIS,YHR214C-B,1,['VIII:554059:A:C:YHR214C-B:upstream_gene_variant:n.-4713T>G:nan:1/1'],['EvolvingFront_WGS_Plate5_H11']
220,IRA1_MIS,YLL058W,1,['XII:23966:A:C:YLL058W:missense_variant:c.398A>C:p.Glu133Ala:1/1'],['EvolvingFront_WGS_Plate5_H11']
221,IRA1_MIS,MSB2,1,['VII:519180:GTCTGTTTCTCAAGTTTCAGACACACCAGTTTCTTATACAACTTCAAGTTCA:G:MSB2:disruptive_inframe_deletion:c.2265_2315delAGTTTCTTATACAACTTCAAGTTCATCTGTTTCTCAAGTTTCAGACACACC:p.Val756_Pro772del:0/1'],['EvolvingFront_WGS_Plate5_H11']
222,IRA1_MIS,YLR419W,1,['XII:961264:C:A:YLR419W:stop_gained:c.2837C>A:p.Ser946*:0/1'],['EvolvingFront_WGS_Plate5_H11']
223,IRA1_MIS,SSK2,1,['XIV:684871:T:G:SSK2:missense_variant:c.563A>C:p.Asn188Thr:0/1'],['EvolvingFront_WGS_Plate5_H11']
224,IRA1_MIS,TDA2,1,['V:303524:AT:A:TDA2:upstream_gene_variant:c.-1198delA:nan:0/1'],['EvolvingFront_WGS_Plate5_H11']
225,IRA1_MIS,ATG1,1,['VII:161471:G:C:ATG1:missense_variant:c.1407G>C:p.Leu469Phe:0|0'],['EvolvingFront_WGS_Plate5_H11']
226,IRA1_MIS,FBA1,1,['XI:327176:T:A:FBA1:synonymous_variant:c.312A>T:p.Pro104Pro:0/1'],['EvolvingFront_WGS_Plate5_H11']
227,IRA1_MIS,UBP3,1,['V:470023:T:A:UBP3:missense_variant:c.2402A>T:p.Asn801Ile:1/1'],['EvolvingFront_WGS_Plate5_H11']
228,IRA1_MIS,MCP2,1,['XII:643240:C:A:MCP2:missense_variant:c.614C>A:p.Ser205Tyr:0/1'],['EvolvingFront_WGS_Plate5_H11']
229,IRA1_MIS,YNL035C,1,['XIV:570003:C:A:YNL035C:upstream_gene_variant:c.-312G>T:nan:0/1'],['EvolvingFront_WGS_Plate5_H11']
230,IRA1_MIS,YNL034W,1,['XIV:572150:A:G:YNL034W:synonymous_variant:c.1674A>G:p.Leu558Leu:0/1'],['EvolvingFront_WGS_Plate5_H11']
231,IRA1_MIS,HES1,1,['XV:782473:T:G:HES1:synonymous_variant:c.480T>G:p.Ser160Ser:0/1'],['EvolvingFront_WGS_Plate5_H11']
232,IRA1_MIS,SLH1,1,['VII:1031828:T:A:SLH1:missense_variant:c.38T>A:p.Phe13Tyr:0/1'],['EvolvingFront_WGS_Plate5_H11']
233,IRA1_MIS,MSC7,1,['VIII:185432:G:A:MSC7:stop_gained:c.1378C>T:p.Gln460*:0/1'],['EvolvingFront_WGS_Plate5_H11']
234,IRA1_MIS,DIM1,1,['XVI:39392:C:T:DIM1:missense_variant:c.272C>T:p.Ala91Val:0/1'],['EvolvingFront_WGS_Plate5_H11']
235,IRA1_MIS,PRO3,1,['V:201735:G:T:PRO3:missense_variant:c.660G>T:p.Met220Ile:1/1'],['EvolvingFront_WGS_Plate5_H11']
236,IRA1_MIS,PAN2,2,"['VII:334463:C:G:PAN2:start_lost:c.3G>C:p.Met1?:1/1', 'VII:332044:A:C:PAN2:missense_variant:c.2422T>G:p.Tyr808Asp:1/1']","['EvolvingFront_WGS_Plate5_H11', 'EvolvingFront_WGS_Plate5_H11']"
237,IRA1_MIS,MDH1,4,"['XI:279207:A:G:MDH1:missense_variant:c.85A>G:p.Ile29Val:1/1', 'XI:279205:G:A:MDH1:missense_variant:c.83G>A:p.Gly28Asp:1/1', 'XI:279721:T:C:MDH1:missense_variant:c.599T>C:p.Ile200Thr:1/1', 'XI:279220:T:G:MDH1:missense_variant:c.98T>G:p.Leu33Trp:1/1']","['EvolvingFront_WGS_Plate5_H11', 'EvolvingFront_WGS_Plate5_H11', 'EvolvingFront_WGS_Plate5_H11', 'EvolvingFront_WGS_Plate5_H11']"
238,IRA1_MIS,UBP7,1,['IX:49240:G:A:UBP7:missense_variant:c.1150G>A:p.Glu384Lys:1/1'],['EvolvingFront_WGS_Plate5_H11']
239,IRA1_MIS,PHO8,1,['IV:1418872:G:T:PHO8:missense_variant:c.1379C>A:p.Ala460Glu:1/1'],['EvolvingFront_WGS_Plate5_H11']
240,IRA1_MIS,LAM1,1,['VIII:409577:C:T:LAM1:synonymous_variant:c.2475C>T:p.Arg825Arg:1/1'],['EvolvingFront_WGS_Plate5_H11']
241,IRA1_MIS,SRP102,1,['XI:162205:C:A:SRP102:missense_variant:c.605C>A:p.Thr202Lys:0/1'],['EvolvingFront_WGS_Plate5_H11']
242,IRA1_MIS,ZRG8,1,['V:219581:A:T:ZRG8:synonymous_variant:c.1707T>A:p.Thr569Thr:1/1'],['EvolvingFront_WGS_Plate5_H11']
243,IRA1_MIS,RQC1,1,['IV:1134194:T:C:RQC1:missense_variant:c.1238A>G:p.Asn413Ser:1/1'],['EvolvingFront_WGS_Plate5_H11']
244,IRA1_MIS,YME2,1,['XIII:870743:C:A:YME2:missense_variant:c.1883G>T:p.Ser628Ile:1/1'],['EvolvingFront_WGS_Plate5_H11']
245,IRA1_MIS,MCP1,1,['XV:770476:G:A:MCP1:upstream_gene_variant:c.-2699C>T:nan:1/1'],['EvolvingFront_WGS_Plate5_H11']
246,IRA1_MIS,ABZ2,1,['XIII:848958:C:A:ABZ2:missense_variant:c.274C>A:p.His92Asn:0/1'],['EvolvingFront_WGS_Plate5_H11']
247,IRA1_MIS,ALG9,1,['XIV:237628:C:A:ALG9:synonymous_variant:c.36G>T:p.Leu12Leu:1/1'],['EvolvingFront_WGS_Plate5_H11']
248,IRA1_MIS,KSP1,4,"['VIII:269810:C:T:KSP1:stop_gained:c.1739G>A:p.Trp580*:1/1', 'VIII:270656:G:T:KSP1:stop_gained:c.893C>A:p.Ser298*:1/1', 'VIII:271001:G:T:KSP1:stop_gained:c.548C>A:p.Ser183*:1/1', 'VIII:269866:GT:G:KSP1:frameshift_variant:c.1682delA:p.Asn561fs:1/1']","['EvolvingFront_WGS_Plate5_H11', 'EvolvingFront_WGS_Plate5_H11', 'EvolvingFront_WGS_Plate5_H11', 'EvolvingFront_WGS_Plate5_H11']"
249,IRA1_MIS,KAP120,1,['XVI:313919:C:A:KAP120:missense_variant:c.532C>A:p.Gln178Lys:1/1'],['EvolvingFront_WGS_Plate5_H11']
250,IRA1_MIS,YPK9,2,"['XV:863077:T:G:YPK9:missense_variant:c.1903T>G:p.Phe635Val:1/1', 'XV:863524:G:A:YPK9:missense_variant:c.2350G>A:p.Gly784Arg:1/1']","['EvolvingFront_WGS_Plate5_H11', 'EvolvingFront_WGS_Plate5_H11']"
251,IRA1_MIS,YEL025C,1,['V:108327:CT:C:YEL025C:upstream_gene_variant:c.-2181delA:nan:1|1'],['EvolvingFront_WGS_Plate5_H11']
252,IRA1_MIS,CHO2,1,['VII:804821:G:T:CHO2:synonymous_variant:c.2382G>T:p.Leu794Leu:1/1'],['EvolvingFront_WGS_Plate5_H11']
253,IRA1_MIS,ANR2,1,['XI:350232:C:G:ANR2:missense_variant:c.770C>G:p.Ala257Gly:1/1'],['EvolvingFront_WGS_Plate5_H11']
254,IRA1_MIS,YET1,1,['XI:321765:ACTGCACAGCTTGCTATCCCG:A:YET1:upstream_gene_variant:c.-4728_-4709delCGGGATAGCAAGCTGTGCAG:nan:0/1'],['EvolvingFront_WGS_Plate5_H11']
255,IRA1_MIS,WAR1,1,['XIII:118973:T:C:WAR1:upstream_gene_variant:c.-3626A>G:nan:0/1'],['EvolvingFront_WGS_Plate5_H11']
256,IRA1_MIS,FMP30,1,['XVI:364072:G:C:FMP30:upstream_gene_variant:c.-4666C>G:nan:1/1'],['EvolvingFront_WGS_Plate5_H11']
257,IRA1_MIS,RPP1B,1,['IV:229908:G:T:RPP1B:start_lost:c.3G>T:p.Met1?:0/1'],['EvolvingFront_WGS_Plate5_H11']
258,IRA1_MIS,MYO3,1,['XI:202945:G:A:MYO3:upstream_gene_variant:c.-2778C>T:nan:0/1'],['EvolvingFront_WGS_Plate5_H11']
259,IRA1_MIS,CHA4,1,['XII:343925:G:A:CHA4:upstream_gene_variant:c.-4452C>T:nan:0/1'],['EvolvingFront_WGS_Plate5_H11']
260,IRA1_MIS,TES1,1,['X:467389:C:G:TES1:missense_variant:c.893G>C:p.Trp298Ser:1/1'],['EvolvingFront_WGS_Plate5_H11']
261,IRA1_MIS,BEM2,1,['V:476785:C:A:BEM2:missense_variant:c.6064G>T:p.Gly2022Cys:1/1'],['EvolvingFront_WGS_Plate5_H11']
262,IRA1_MIS,GCN1,1,['VII:131711:G:T:GCN1:missense_variant:c.187G>T:p.Asp63Tyr:1/1'],['EvolvingFront_WGS_Plate5_H11']
263,IRA1_MIS,MED6,1,['VIII:219528:G:C:MED6:missense_variant:c.357C>G:p.Ser119Arg:1/1'],['EvolvingFront_WGS_Plate5_H11']
264,IRA1_MIS,FUM1,1,['XVI:48269:T:A:FUM1:missense_variant:c.934T>A:p.Ser312Thr:1/1'],['EvolvingFront_WGS_Plate5_H11']
265,IRA1_MIS,VIK1,1,['XVI:72767:G:A:VIK1:synonymous_variant:c.240C>T:p.Asp80Asp:1/1'],['EvolvingFront_WGS_Plate5_H11']
266,IRA1_MIS,IMD1,1,['I:228806:T:C:IMD1:synonymous_variant:c.1065T>C:p.Cys355Cys:0/1'],['EvolvingFront_WGS_Plate5_H11']
267,IRA1_MIS,tI(AAU)L1,1,['XII:734837:A:G:tI(AAU)L1:stop_retained_variant:c.36A>G:p.Ter12Ter:0/1'],['EvolvingFront_WGS_Plate5_H11']
268,IRA1_MIS,FPR3,1,['XIII:121022:T:C:FPR3:synonymous_variant:c.303A>G:p.Glu101Glu:1/1'],['EvolvingFront_WGS_Plate5_H11']
269,IRA1_MIS,ERB1,1,['XIII:372000:T:G:ERB1:upstream_gene_variant:c.-1483A>C:nan:1/1'],['EvolvingFront_WGS_Plate5_H11']
270,IRA1_MIS,HRR25,1,['XVI:165478:G:A:HRR25:synonymous_variant:c.1203G>A:p.Gln401Gln:1|1'],['EvolvingFront_WGS_Plate5_H11']
271,IRA1_MIS,PMD1,1,['V:431500:G:C:PMD1:upstream_gene_variant:c.-1051C>G:nan:1/1'],['EvolvingFront_WGS_Plate5_H11']
272,IRA1_MIS,GIM3,1,['XIV:345913:A:T:GIM3:missense_variant:c.146T>A:p.Leu49His:1/1'],['EvolvingFront_WGS_Plate5_H11']
273,IRA1_MIS,YPT1,1,['VI:55523:G:A:YPT1:missense_variant:c.464C>T:p.Ser155Phe:1/1'],['EvolvingFront_WGS_Plate5_H11']
274,IRA1_MIS,AXL2,1,['IX:87308:A:G:AXL2:missense_variant:c.1943A>G:p.Gln648Arg:1/1'],['EvolvingFront_WGS_Plate5_H11']
275,IRA1_MIS,MAE1,2,"['XI:384305:C:T:MAE1:missense_variant:c.421G>A:p.Glu141Lys:1/1', 'XI:383852:C:T:MAE1:missense_variant:c.874G>A:p.Glu292Lys:1/1']","['EvolvingFront_WGS_Plate5_H11', 'EvolvingFront_WGS_Plate5_H11']"
276,IRA1_MIS,GPB2,1,['I:39837:T:C:GPB2:synonymous_variant:c.579T>C:p.Asp193Asp:0/1'],['EvolvingFront_WGS_Plate5_H11']
277,IRA1_MIS,RPO21,2,"['IV:210015:C:A:RPO21:missense_variant:c.547G>T:p.Gly183Cys:1/1', 'IV:212594:A:G:RPO21:upstream_gene_variant:c.-2033T>C:nan:1/1']","['EvolvingFront_WGS_Plate5_H11', 'EvolvingFront_WGS_Plate5_H11']"
278,IRA1_MIS,SAS4,1,['IV:831883:TTTGAGAAAAAATGC:T:SAS4:upstream_gene_variant:c.-4542_-4529delGCATTTTTTCTCAA:nan:0/1'],['EvolvingFront_WGS_Plate5_H11']
279,IRA1_MIS,YKU80,1,['XIII:480186:G:GA:YKU80:frameshift_variant:c.4dupT:p.Ser2fs:1/1'],['EvolvingFront_WGS_Plate5_H11']
280,IRA1_MIS,CDC39,1,['III:281847:T:G:CDC39:synonymous_variant:c.1731T>G:p.Gly577Gly:1/1'],['EvolvingFront_WGS_Plate5_H11']
281,IRA1_MIS,PPH3,1,['IV:597339:C:T:PPH3:missense_variant:c.184C>T:p.Leu62Phe:1/1'],['EvolvingFront_WGS_Plate5_H11']
282,IRA1_MIS,BMH2,1,['IV:654184:C:T:BMH2:missense_variant:c.578C>T:p.Ala193Val:0/1'],['EvolvingFront_WGS_Plate5_H11']
283,IRA1_MIS,RQC2,1,['XVI:536686:C:T:RQC2:missense_variant:c.2251G>A:p.Glu751Lys:0/1'],['EvolvingFront_WGS_Plate5_H11']
284,IRA1_MIS,HIP1,1,['VII:881811:G:C:HIP1:missense_variant:c.1392G>C:p.Trp464Cys:1/1'],['EvolvingFront_WGS_Plate5_H11']
285,IRA1_MIS,RPL20A,1,['XIII:756960:A:ATTTCTTATTCTT:RPL20A:upstream_gene_variant:c.-3221_-3220insAAGAATAAGAAA:nan:1/1'],['EvolvingFront_WGS_Plate5_H11']
286,IRA1_MIS,DFR1,1,['XV:781353:G:A:DFR1:missense_variant:c.448G>A:p.Ala150Thr:1/1'],['EvolvingFront_WGS_Plate5_H11']
287,IRA1_MIS,RPO31,1,['XV:546554:C:G:RPO31:upstream_gene_variant:c.-2409G>C:nan:1/1'],['EvolvingFront_WGS_Plate5_H11']
288,IRA1_MIS,MTR10,1,['XV:636168:C:A:MTR10:missense_variant:c.2330C>A:p.Ala777Glu:1/1'],['EvolvingFront_WGS_Plate5_H11']
289,IRA1_MIS,PMT4,1,['X:698658:G:A:PMT4:missense_variant:c.1957C>T:p.Pro653Ser:1/1'],['EvolvingFront_WGS_Plate5_H11']
290,IRA1_MIS,POL2,1,['XIV:151114:G:A:POL2:missense_variant:c.2903G>A:p.Arg968Lys:1/1'],['EvolvingFront_WGS_Plate5_H11']
291,IRA1_MIS,HER1,1,['XV:763816:G:A:HER1:missense_variant:c.992G>A:p.Arg331Lys:1/1'],['EvolvingFront_WGS_Plate5_H11']
292,IRA1_MIS,YBR284W,1,['II:772993:T:G:YBR284W:missense_variant:c.1755T>G:p.Asn585Lys:1/1'],['EvolvingFront_WGS_Plate5_H11']
293,IRA1_MIS,AIM17,2,"['VIII:64723:T:TG:AIM17:frameshift_variant:c.1136dupC:p.Ala380fs:1/1', 'VIII:65085:G:A:AIM17:stop_gained:c.775C>T:p.Gln259*:1/1']","['EvolvingFront_WGS_Plate5_H11', 'EvolvingFront_WGS_Plate5_H11']"
294,IRA1_MIS,PAN3,1,['XI:390795:GT:G:PAN3:frameshift_variant:c.1484delA:p.Asn495fs:1|1'],['EvolvingFront_WGS_Plate5_H11']
295,IRA1_MIS,TIM44,1,['IX:312313:C:T:TIM44:synonymous_variant:c.1149C>T:p.Gly383Gly:1/1'],['EvolvingFront_WGS_Plate5_H11']
296,IRA1_MIS,YLR342W-A,1,['XII:815907:TA:T:YLR342W-A:frameshift_variant:c.104delA:p.Asn35fs:1/1'],['EvolvingFront_WGS_Plate5_H11']
297,IRA1_MIS,PES4,1,['VI:199979:T:C:PES4:missense_variant:c.106T>C:p.Ser36Pro:1/1'],['EvolvingFront_WGS_Plate5_H11']
298,IRA1_MIS,DGR2,1,['XI:215694:G:A:DGR2:missense_variant:c.1553G>A:p.Cys518Tyr:1/1'],['EvolvingFront_WGS_Plate5_H11']
299,IRA1_MIS,MSH3,1,['III:278509:C:A:MSH3:missense_variant:c.1312G>T:p.Gly438Cys:1/1'],['EvolvingFront_WGS_Plate5_H11']
300,IRA1_MIS,LYS21,1,['IV:228467:G:T:LYS21:missense_variant:c.1075G>T:p.Ala359Ser:1/1'],['EvolvingFront_WGS_Plate5_H11']
301,IRA1_MIS,YLR278C,1,['XII:702091:T:A:YLR278C:missense_variant:c.1934A>T:p.His645Leu:1/1'],['EvolvingFront_WGS_Plate5_H11']
302,IRA1_MIS,YOL099C,1,['XV:136491:C:G:YOL099C:upstream_gene_variant:c.-3983G>C:nan:1/1'],['EvolvingFront_WGS_Plate5_H11']
303,IRA1_MIS,DEG1,1,['VI:143871:AGTATACATATT:A:DEG1:upstream_gene_variant:c.-3259_-3249delGTATACATATT:nan:0|1'],['EvolvingFront_WGS_Plate5_H11']
304,IRA1_MIS,SEC39,1,['XII:1017371:G:T:SEC39:missense_variant:c.327C>A:p.Ser109Arg:1/1'],['EvolvingFront_WGS_Plate5_H11']
305,IRA1_MIS,SLM5,1,['III:160919:C:T:SLM5:missense_variant:c.1304G>A:p.Gly435Glu:1/1'],['EvolvingFront_WGS_Plate5_H11']
306,IRA1_MIS,YGR039W,1,['VII:574357:T:C:YGR039W:upstream_gene_variant:c.-531T>C:nan:1/1'],['EvolvingFront_WGS_Plate5_H11']
307,IRA1_MIS,YDR261W-A,1,['IV:986241:A:G:YDR261W-A:downstream_gene_variant:n.*3463A>G:nan:0|1'],['EvolvingFront_WGS_Plate5_H11']
308,IRA1_MIS,VPS73,1,['VII:309534:T:C:VPS73:missense_variant:c.640A>G:p.Ser214Gly:0/1'],['EvolvingFront_WGS_Plate5_H11']
309,IRA1_MIS,DDR2,1,['XV:231806:G:GA:DDR2:upstream_gene_variant:c.-52_-51insT:nan:0/1'],['EvolvingFront_WGS_Plate5_H11']
310,CYR1,DYN1,1,['XI:536733:A:C:DYN1:NON_SYNONYMOUS_CODING:gaT/gaG:D3731E:0/1'],['EvolvingFront_WGS_Plate5_H11']
311,CYR1,ORC1,1,['XIII:142078:G:C:ORC1:UPSTREAM:132:nan:1'],['EvolvingFront_WGS_Plate5_H11']
312,CYR1,SCS7,1,['XIII:810030:A:G:SCS7:NON_SYNONYMOUS_CODING:Ttc/Ctc:F250L:1'],['EvolvingFront_WGS_Plate5_H11']
313,CYR1,MKT1,2,"['XIV:467219:A:G:MKT1:NON_SYNONYMOUS_CODING:gAt/gGt:D30G:1', 'XIV:467219:A:G:MKT1:missense_variant:c.89A>G:p.Asp30Gly:1/1']","['EvolvingFront_WGS_Plate5_H11', 'EvolvingFront_WGS_Plate5_H11']"
314,CYR1,GSH1,5,"['X:236200:A:T:GSH1:NON_SYNONYMOUS_CODING:Tac/Aac:Y53N:1', 'X:234766:A:T:GSH1:NON_SYNONYMOUS_CODING:Ttt/Att:F531I:1', 'X:235711:C:A:GSH1:NON_SYNONYMOUS_CODING:Gtt/Ttt:V216F:1', 'X:236373:T:C:GSH1:UPSTREAM:17:nan:1', 'X:235035:T:C:GSH1:NON_SYNONYMOUS_CODING:cAa/cGa:Q441R:1']","['EvolvingFront_WGS_Plate5_H11', 'EvolvingFront_WGS_Plate5_H11', 'EvolvingFront_WGS_Plate5_H11', 'EvolvingFront_WGS_Plate5_H11', 'EvolvingFront_WGS_Plate5_H11']"
315,CYR1,TDA2,1,['V:303524:AT:ATT:TDA2:upstream_gene_variant:c.-1199_-1198insA:nan:0/1'],['EvolvingFront_WGS_Plate5_H11']
316,CYR1,PAB1,5,"['V:510974:A:C:PAB1:missense_variant:c.602A>C:p.His201Pro:1/1', 'V:510833:C:T:PAB1:missense_variant:c.461C>T:p.Ser154Phe:1/1', 'V:510974:A:C:PAB1:NON_SYNONYMOUS_CODING:cAc/cCc:H201P:1', 'V:510577:G:T:PAB1:missense_variant:c.205G>T:p.Val69Phe:1/1', 'V:510722:A:G:PAB1:missense_variant:c.350A>G:p.Asp117Gly:1/1']","['EvolvingFront_WGS_Plate5_H11', 'EvolvingFront_WGS_Plate5_H11', 'EvolvingFront_WGS_Plate5_H11', 'EvolvingFront_WGS_Plate5_H11', 'EvolvingFront_WGS_Plate5_H11']"
317,CYR1,IMD4,1,['XIII:167611:T:C:IMD4:upstream_gene_variant:c.-3435A>G:nan:1/1'],['EvolvingFront_WGS_Plate5_H11']
318,CYR1,MRP13,1,['VII:647252:C:A:MRP13:NON_SYNONYMOUS_CODING:ttG/ttT:L297F:0/1'],['EvolvingFront_WGS_Plate5_H11']
319,CYR1,ADE13,1,['XII:844184:T:C:ADE13:UPSTREAM:98:nan:0/1'],['EvolvingFront_WGS_Plate5_H11']
320,CYR1,HRD1,2,"['XV:302387:A:C:HRD1:NON_SYNONYMOUS_CODING:Tca/Gca:S217A:0/1', 'XV:302396:A:T:HRD1:NON_SYNONYMOUS_CODING:Ttt/Att:F214I:0/1']","['EvolvingFront_WGS_Plate5_H11', 'EvolvingFront_WGS_Plate5_H11']"
321,CYR1,RAS1,1,['XV:516101:T:G:RAS1:SYNONYMOUS_CODING:tcT/tcG:S286:1/1'],['EvolvingFront_WGS_Plate5_H11']
322,CYR1,PBN1,1,['III:39458:A:G:PBN1:upstream_gene_variant:c.-4065T>C:nan:1/1'],['EvolvingFront_WGS_Plate5_H11']
323,CYR1,AYR1,1,['IX:127027:T:G:AYR1:NON_SYNONYMOUS_CODING:cTt/cGt:L275R:0/1'],['EvolvingFront_WGS_Plate5_H11']
324,CYR1,NUP100,2,"['XI:313779:C:CTGAGAAATATGTGAATGTTGAGATAATTGTTGGGATTCCATTGTTGATAAAGGCTATAATATT.:NUP100:DOWNSTREAM:702:nan:0/1', 'XI:311366:C:A:NUP100:missense_variant:c.1168C>A:p.Gln390Lys:1/1']","['EvolvingFront_WGS_Plate5_H11', 'EvolvingFront_WGS_Plate5_H11']"
325,CYR1,NMA1,1,['XII:784278:G:.ACCTAATATTATAGCCTTTATCAACAATGGAATCCCAACAATTATCTCAACATTCACCCATTTCTCAG:NMA1:UPSTREAM:635:nan:0/1'],['EvolvingFront_WGS_Plate5_H11']
326,CYR1,YLR456W,1,['XII:1055687:G:T:YLR456W:DOWNSTREAM:3:nan:1'],['EvolvingFront_WGS_Plate5_H11']
327,CYR1,ICT1,1,['XII:340371:T:G:ICT1:SYNONYMOUS_CODING:ggA/ggC:G186:1'],['EvolvingFront_WGS_Plate5_H11']
328,CYR1,RPO31,1,['XV:544507:T:G:RPO31:UPSTREAM:362:nan:1'],['EvolvingFront_WGS_Plate5_H11']
329,CYR1,MSH3,1,['III:279093:C:G:MSH3:NON_SYNONYMOUS_CODING:aGc/aCc:S243T:1/1'],['EvolvingFront_WGS_Plate5_H11']
330,CYR1,RPR1,1,['V:118293:A:.CCTAATATTATAGCCTTTATCAACAATGGAATCCCAACAATTATCTCAACATTCACATATTTCTCAA:RPR1:UPSTREAM:258:nan:0/1'],['EvolvingFront_WGS_Plate5_H11']
331,CYR1,RTG2,6,"['VII:26395:G:T:RTG2:NON_SYNONYMOUS_CODING:Ctt/Att:L364I:0/1', 'VII:26030:C:G:RTG2:NON_SYNONYMOUS_CODING:atG/atC:M485I:1', 'VII:26487:C:T:RTG2:NON_SYNONYMOUS_CODING:gGt/gAt:G333D:0/1', 'VII:26569:G:T:RTG2:missense_variant:c.916C>A:p.Gln306Lys:1/1', 'VII:27113:G:C:RTG2:NON_SYNONYMOUS_CODING:agC/agG:S124R:1', 'VII:26575:C:G:RTG2:missense_variant:c.910G>C:p.Ala304Pro:1/1']","['EvolvingFront_WGS_Plate5_H11', 'EvolvingFront_WGS_Plate5_H11', 'EvolvingFront_WGS_Plate5_H11', 'EvolvingFront_WGS_Plate5_H11', 'EvolvingFront_WGS_Plate5_H11', 'EvolvingFront_WGS_Plate5_H11']"
332,CYR1,IMT3,1,['X:517847:G:A:IMT3:NON_SYNONYMOUS_CODING:aCc/aTc:T13I:0/1'],['EvolvingFront_WGS_Plate5_H11']
333,CYR1,TCM62,1,['II:325636:G:A:TCM62:missense_variant:c.424C>T:p.Pro142Ser:0/1'],['EvolvingFront_WGS_Plate5_H11']
334,CYR1,MRPL8,2,"['X:316100:G:T:MRPL8:NON_SYNONYMOUS_CODING:Cta/Ata:L126I:0/1', 'X:316091:A:T:MRPL8:NON_SYNONYMOUS_CODING:Tct/Act:S129T:1']","['EvolvingFront_WGS_Plate5_H11', 'EvolvingFront_WGS_Plate5_H11']"
335,CYR1,FCP1,1,['XIII:821172:C:T:FCP1:NON_SYNONYMOUS_CODING:aCt/aTt:T306I:0/1'],['EvolvingFront_WGS_Plate5_H11']
336,CYR1,NAR1,1,['XIV:200006:A:C:NAR1:UPSTREAM:29:nan:0/1'],['EvolvingFront_WGS_Plate5_H11']
337,CYR1,YAR023C,1,['I:180766:A:.TACCTAATATTATAGCCTTTATCAACAATGGAATCCCAACAATTATCTCAACATTCACCCATTTCTCAA:YAR023C:UPSTREAM:946:nan:0/1'],['EvolvingFront_WGS_Plate5_H11']
338,CYR1,CDC19,1,['I:73271:C:G:CDC19:NON_SYNONYMOUS_CODING:Caa/Gaa:Q496E:1/1'],['EvolvingFront_WGS_Plate5_H11']
339,CYR1,YBR096W,1,['II:436810:A:G:YBR096W:DOWNSTREAM:97:nan:0/1'],['EvolvingFront_WGS_Plate5_H11']
340,CYR1,HSP42,1,['IV:807362:G:A:HSP42:NON_SYNONYMOUS_CODING:Gtc/Atc:V248I:0/1'],['EvolvingFront_WGS_Plate5_H11']
341,CYR1,KGD1,1,['IX:123362:G:T:KGD1:NON_SYNONYMOUS_CODING:tGt/tTt:C225F:0/1'],['EvolvingFront_WGS_Plate5_H11']
342,CYR1,CRH1,1,['VII:876369:A:G:CRH1:DOWNSTREAM:300:nan:0/1'],['EvolvingFront_WGS_Plate5_H11']
343,CYR1,YCR097W-A,1,['III:294389:A:T:YCR097W-A:UPSTREAM:50:nan:0/1'],['EvolvingFront_WGS_Plate5_H11']
344,CYR1,HOG1,1,['XII:371833:A:C:HOG1:NON_SYNONYMOUS_CODING:Aaa/Caa:K72Q:0/1'],['EvolvingFront_WGS_Plate5_H11']
345,CYR1,BMH1,1,['V:546289:AG:A:BMH1:FRAME_SHIFT:gac/:D228:1'],['EvolvingFront_WGS_Plate5_H11']
346,CYR1,HXK2,1,['VII:23962:C:T:HXK2:STOP_GAINED:Caa/Taa:Q10*:1/1'],['EvolvingFront_WGS_Plate5_H11']
347,CYR1,MSL5,1,['XII:380855:G:C:MSL5:NON_SYNONYMOUS_CODING:Gaa/Caa:E12Q:0/1'],['EvolvingFront_WGS_Plate5_H11']
348,CYR1,YMR320W,1,['XIII:916917:G:A:YMR320W:NON_SYNONYMOUS_CODING:Gta/Ata:V58I:0/1'],['EvolvingFront_WGS_Plate5_H11']
349,CYR1,BFR1,1,['XV:720044:A:C:BFR1:NON_SYNONYMOUS_CODING:Ttc/Gtc:F8V:1'],['EvolvingFront_WGS_Plate5_H11']
350,CYR1,PUF3,2,"['XII:123802:AG:AGG:PUF3:frameshift_variant:c.911dupC:p.Tyr305fs:1/1', 'XII:123802:A:AG:PUF3:FRAME_SHIFT:ccc/cccC:P304P?:1']","['EvolvingFront_WGS_Plate5_H11', 'EvolvingFront_WGS_Plate5_H11']"
351,CYR1,KIN2,1,['XII:335084:C:A:KIN2:NON_SYNONYMOUS_CODING:cCg/cAg:P832Q:0/1'],['EvolvingFront_WGS_Plate5_H11']
352,CYR1,ARO80,5,"['IV:1314372:T:A:ARO80:missense_variant:c.2333T>A:p.Met778Lys:1/1', 'IV:1314756:C:A:ARO80:missense_variant:c.2717C>A:p.Thr906Lys:1/1', 'IV:1314357:A:G:ARO80:NON_SYNONYMOUS_CODING:tAc/tGc:Y773C:1', 'IV:1314336:G:T:ARO80:NON_SYNONYMOUS_CODING:aGa/aTa:R766I:1', 'IV:1314708:G:C:ARO80:NON_SYNONYMOUS_CODING:tGg/tCg:W890S:1']","['EvolvingFront_WGS_Plate5_H11', 'EvolvingFront_WGS_Plate5_H11', 'EvolvingFront_WGS_Plate5_H11', 'EvolvingFront_WGS_Plate5_H11', 'EvolvingFront_WGS_Plate5_H11']"
353,CYR1,PRK1,1,['IX:183775:C:.ACCGTATATGATAATATACTAGTAATGTAAATACTAGTTAGTAGATGATAGTTGATTTCTATTCCAACAC:PRK1:UPSTREAM:162:nan:1'],['EvolvingFront_WGS_Plate5_H11']
354,CYR1,MKS1,3,"['XIV:483801:G:C:MKS1:NON_SYNONYMOUS_CODING:aaG/aaC:K82N:1', 'XIV:484666:C:T:MKS1:missense_variant:c.1111C>T:p.Leu371Phe:1/1', 'XIV:483328:T:A:MKS1:UPSTREAM:228:nan:1']","['EvolvingFront_WGS_Plate5_H11', 'EvolvingFront_WGS_Plate5_H11', 'EvolvingFront_WGS_Plate5_H11']"
355,CYR1,GDB1,1,['XVI:904189:G:A:GDB1:NON_SYNONYMOUS_CODING:Gaa/Aaa:E716K:1'],['EvolvingFront_WGS_Plate5_H11']
356,CYR1,TEF4,1,['XI:284617:T:TTA:TEF4:DOWNSTREAM:163:nan:0/1'],['EvolvingFront_WGS_Plate5_H11']
357,CYR1,IRA1,1,['II:522476:T:C:IRA1:missense_variant:c.4153A>G:p.Asn1385Asp:0/1'],['EvolvingFront_WGS_Plate5_H11']
358,CYR1,ADE6,1,['VII:615836:A:G:ADE6:missense_variant:c.130T>C:p.Tyr44His:0/1'],['EvolvingFront_WGS_Plate5_H11']
359,CYR1,tC(GCA)P1,1,['XVI:436464:G:T:tC(GCA)P1:upstream_gene_variant:c.-500C>A:nan:0/1'],['EvolvingFront_WGS_Plate5_H11']
360,CYR1,SDD4,1,['XVI:606714:TGTTGCTGCAACATAGGTTGTTGCAATGGTGCCCGCAGTTGCTGCGGGAATTGAA:T:SDD4:disruptive_inframe_deletion:c.545_598delTTCAATTCCCGCAGCAACTGCGGGCACCATTGCAACAACCTATGTTGCAGCAAC:p.Leu182_Gln199del:0/1'],['EvolvingFront_WGS_Plate5_H11']
361,CYR1,LDH1,1,['II:632333:G:C:LDH1:missense_variant:c.1049C>G:p.Ser350Cys:1/1'],['EvolvingFront_WGS_Plate5_H11']
362,CYR1,COP1,1,['IV:197384:G:C:COP1:missense_variant:c.793C>G:p.Gln265Glu:0/1'],['EvolvingFront_WGS_Plate5_H11']
363,CYR1,UBP12,1,['X:65159:C:A:UBP12:stop_gained:c.1355C>A:p.Ser452*:0/1'],['EvolvingFront_WGS_Plate5_H11']
364,CYR1,PCL1,1,['XIV:87993:C:A:PCL1:missense_variant:c.97C>A:p.Pro33Thr:0/1'],['EvolvingFront_WGS_Plate5_H11']
365,CYR1,CCR4,1,['I:111504:C:A:CCR4:missense_variant:c.1856G>T:p.Ser619Ile:1/1'],['EvolvingFront_WGS_Plate5_H11']
366,CYR1,NSR1,1,['VII:807318:TGATTCTTCCTTCTTGGTTTCTTCTTTTTCTTCTTCTTCTTCTTCGTCGGAAGAAGAGTCAGAGGAAGAGGAAGAGGAATCCTTG:T:NSR1:disruptive_inframe_deletion:c.255_338delCAAGGATTCCTCTTCCTCTTCCTCTGACTCTTCTTCCGACGAAGAAGAAGAAGAAGAAAAAGAAGAAACCAAGAAGGAAGAATC:p.Lys86_Ser113del:1/1'],['EvolvingFront_WGS_Plate5_H11']
367,CYR1,ERG13,1,['XIII:23476:G:GA:ERG13:upstream_gene_variant:c.-2942_-2941insT:nan:1/1'],['EvolvingFront_WGS_Plate5_H11']
368,CYR1,TDA1,1,['XIII:853130:T:C:TDA1:synonymous_variant:c.501T>C:p.Val167Val:1/1'],['EvolvingFront_WGS_Plate5_H11']
369,CYR1,CLC1,1,['VII:832682:C:T:CLC1:NON_SYNONYMOUS_CODING:gCa/gTa:A76V:1'],['EvolvingFront_WGS_Plate5_H11']
370,CYR1,YMR118C,1,['XIII:502042:C:A:YMR118C:DOWNSTREAM:102:nan:1'],['EvolvingFront_WGS_Plate5_H11']
371,CYR1,LSM7,1,['XIV:351122:T:C:LSM7:SYNONYMOUS_CODING:gaT/gaC:D29:1'],['EvolvingFront_WGS_Plate5_H11']
372,CYR1,RSC3,1,['IV:1070421:A:C:RSC3:missense_variant:c.966T>G:p.Asn322Lys:1/1'],['EvolvingFront_WGS_Plate5_H11']
373,CYR1,MIT1,3,"['V:142941:CAAT:C:MIT1:disruptive_inframe_deletion:c.1083_1085delTAA:p.Asn362del:0/1', 'V:142941:CAAT:CAATAAT:MIT1:disruptive_inframe_insertion:c.1083_1085dupTAA:p.Asn362dup:1/1', 'V:143215:C:T:MIT1:STOP_GAINED:Caa/Taa:Q442*:1']","['EvolvingFront_WGS_Plate5_H11', 'EvolvingFront_WGS_Plate5_H11', 'EvolvingFront_WGS_Plate5_H11']"
374,CYR1,RPT1,1,['XI:174275:T:C:RPT1:synonymous_variant:c.63T>C:p.Pro21Pro:1/1'],['EvolvingFront_WGS_Plate5_H11']
375,CYR1,YFR057W,1,['VI:270127:GGT:G:YFR057W:DOWNSTREAM:612:nan:1'],['EvolvingFront_WGS_Plate5_H11']
376,CYR1,KSP1,3,"['VIII:269911:G:T:KSP1:stop_gained:c.1638C>A:p.Tyr546*:1/1', 'VIII:271001:G:T:KSP1:stop_gained:c.548C>A:p.Ser183*:1/1', 'VIII:269657:G:C:KSP1:STOP_GAINED:tCa/tGa:S631*:1']","['EvolvingFront_WGS_Plate5_H11', 'EvolvingFront_WGS_Plate5_H11', 'EvolvingFront_WGS_Plate5_H11']"
377,CYR1,ULA1,1,['XVI:553126:A:C:ULA1:missense_variant:c.1107A>C:p.Lys369Asn:1/1'],['EvolvingFront_WGS_Plate5_H11']
378,CYR1,YNL018C,1,['XIV:599988:C:T:YNL018C:NON_SYNONYMOUS_CODING:cGt/cAt:R596H:1'],['EvolvingFront_WGS_Plate5_H11']
379,CYR1,PDR18,1,['XIV:766949:A:AT:PDR18:FRAME_SHIFT:tgc/tTgc:C526L?:1'],['EvolvingFront_WGS_Plate5_H11']
380,CYR1,AAD3,1,['III:313993:C:A:AAD3:stop_gained:c.104C>A:p.Ser35*:0/1'],['EvolvingFront_WGS_Plate5_H11']
381,CYR1,SIN4,2,"['XIV:207879:A:G:SIN4:missense_variant:c.950A>G:p.Asn317Ser:1/1', 'XIV:207141:C:T:SIN4:missense_variant:c.212C>T:p.Ser71Leu:1/1']","['EvolvingFront_WGS_Plate5_H11', 'EvolvingFront_WGS_Plate5_H11']"
382,CYR1,HSL7,1,['II:502030:C:A:HSL7:NON_SYNONYMOUS_CODING:aGc/aTc:S753I:1'],['EvolvingFront_WGS_Plate5_H11']
383,CYR1,RTK1,1,['IV:405550:C:G:RTK1:NON_SYNONYMOUS_CODING:Ggc/Cgc:G553R:1'],['EvolvingFront_WGS_Plate5_H11']
384,CYR1,BAT1,1,['VIII:517790:C:T:BAT1:NON_SYNONYMOUS_CODING:Cat/Tat:H87Y:1'],['EvolvingFront_WGS_Plate5_H11']
385,CYR1,FAD1,1,['IV:373708:G:A:FAD1:UPSTREAM:100:nan:1'],['EvolvingFront_WGS_Plate5_H11']
386,CYR1,HAP4,1,['XI:231512:T:C:HAP4:UPSTREAM:715:nan:1'],['EvolvingFront_WGS_Plate5_H11']
387,CYR1,SSK1,1,['XII:163677:C:G:SSK1:NON_SYNONYMOUS_CODING:Gcc/Ccc:A73P:1'],['EvolvingFront_WGS_Plate5_H11']
388,CYR1,NKP2,1,['XII:765026:G:A:NKP2:SYNONYMOUS_CODING:ctG/ctA:L73:1'],['EvolvingFront_WGS_Plate5_H11']
389,CYR1,ALD3,1,['XIII:600501-601500:nan:nan:ALD3:DELETION:nan:nan:nan'],['EvolvingFront_WGS_Plate5_H11']
390,CYR1,ALD2,1,['XIII:601763:T:G:ALD2:SYNONYMOUS_CODING:acA/acC:T440:1'],['EvolvingFront_WGS_Plate5_H11']
391,CYR1,NIS1,1,['XIV:480461:C:T:NIS1:missense_variant:c.694C>T:p.Pro232Ser:1/1'],['EvolvingFront_WGS_Plate5_H11']
392,CYR1,COG4,1,['XVI:738345:G:C:COG4:missense_variant:c.1225C>G:p.Pro409Ala:1/1'],['EvolvingFront_WGS_Plate5_H11']
393,CYR1,MHP1,1,['X:362415:GA:G:MHP1:frameshift_variant:c.1170delA:p.Val391fs:1/1'],['EvolvingFront_WGS_Plate5_H11']
394,CYR1,HHF2,1,['XIV:577046:G:T:HHF2:DOWNSTREAM:8:nan:1'],['EvolvingFront_WGS_Plate5_H11']
395,CYR1,GPR1,1,['IV:391630:G:A:GPR1:NON_SYNONYMOUS_CODING:gCc/gTc:A143V:1/1'],['EvolvingFront_WGS_Plate5_H11']
396,CYR1,MUC1,1,['IX:392668:A:G:MUC1:SYNONYMOUS_CODING:acT/acC:T336:1'],['EvolvingFront_WGS_Plate5_H11']
397,CYR1,ECM7,1,['XII:1023023:C:A:ECM7:NON_SYNONYMOUS_CODING:gaC/gaA:D133E:1'],['EvolvingFront_WGS_Plate5_H11']
398,CYR1,YGR069W,1,['VII:627125:T:C:YGR069W:NON_SYNONYMOUS_CODING:Tat/Cat:Y15H:1'],['EvolvingFront_WGS_Plate5_H11']
399,CYR1,YIL169C,1,['IX:25429:GGAAGCTGATTGACTGACAGAGCTTGAGACATCAGAAGCTGAGGAAGAAGATTGACTGACAGAGCTTGATACATCAGAAGCTGAA:G:YIL169C:CODON_CHANGE_PLUS_CODON_DELETION:tcttcagcttctgatgtatcaagctctgtcagtcaatcttcttcctcagcttctgatgtctcaagctctgtcagtcaatcagcttcc/tcc:SSASDVSSSVSQSSSSASDVSSSVSQSAS198S:1'],['EvolvingFront_WGS_Plate5_H11']
400,CYR1,SPO13,1,['VIII:133249:C:.GTATATGATAATATACTAGTAACGTAAATACTAGTTAGTAGATGATAGTTGATTTTTATTCCAACAC:SPO13:DOWNSTREAM:327:nan:1'],['EvolvingFront_WGS_Plate5_H11']
401,CYR1,GAL11,1,['XV:236958:GCAGCAGCAACAACAA:G:GAL11:CODON_CHANGE_PLUS_CODON_DELETION:cagcaacaacaacagcaa/caa:QQQQQQ690Q:1'],['EvolvingFront_WGS_Plate5_H11']
402,CYR1,ECM11,1,['IV:1354541:A:G:ECM11:NON_SYNONYMOUS_CODING:Agg/Ggg:R273G:1'],['EvolvingFront_WGS_Plate5_H11']
403,CYR1,OXP1,1,['XI:30663:C:T:OXP1:missense_variant:c.25G>A:p.Ala9Thr:1/1'],['EvolvingFront_WGS_Plate5_H11']
404,CYR1,YHR020W,1,['VIII:144157:T:C:YHR020W:SYNONYMOUS_CODING:tcT/tcC:S54:1'],['EvolvingFront_WGS_Plate5_H11']
405,CYR1,SSK2,1,['XIV:683999:T:A:SSK2:STOP_GAINED:Aaa/Taa:K479*:1'],['EvolvingFront_WGS_Plate5_H11']
406,CYR1,CIT1,1,['XIV:630721:T:G:CIT1:NON_SYNONYMOUS_CODING:cAa/cCa:Q114P:1'],['EvolvingFront_WGS_Plate5_H11']
407,CYR1,DSE4,1,['XIV:756614:G:C:DSE4:missense_variant:c.2486C>G:p.Thr829Arg:1/1'],['EvolvingFront_WGS_Plate5_H11']
408,CYR1,VHT1,1,['VII:619154:G:C:VHT1:stop_gained:c.705C>G:p.Tyr235*:0/1'],['EvolvingFront_WGS_Plate5_H11']
409,CYR1,SPP2,1,['XV:609456:A:C:SPP2:UPSTREAM:259:nan:1'],['EvolvingFront_WGS_Plate5_H11']
410,CYR1,YPK9,1,['XV:861934:A:G:YPK9:NON_SYNONYMOUS_CODING:Agt/Ggt:S254G:1'],['EvolvingFront_WGS_Plate5_H11']
411,CYR1,tF(GAA)D,1,['IV:1095430:G:T:tF(GAA)D:missense_variant:c.32C>A:p.Thr11Asn:1/1'],['EvolvingFront_WGS_Plate5_H11']
412,CYR1,GLG2,1,['X:155710:G:A:GLG2:stop_gained:c.418C>T:p.Gln140*:1/1'],['EvolvingFront_WGS_Plate5_H11']
413,CYR1,GND2,1,['VII:1004509:T:TTGTTGGAATAGAAATCAACTATCATCTACTAACTAGTATTTACATTACTAGTATAT.:GND2:UPSTREAM:114:nan:1'],['EvolvingFront_WGS_Plate5_H11']
414,CYR1,STT3,1,['VII:452290:A:T:STT3:UPSTREAM:114:nan:1'],['EvolvingFront_WGS_Plate5_H11']
415,GPB2,MKT1,2,"['XIV:467219:A:G:MKT1:NON_SYNONYMOUS_CODING:gAt/gGt:D30G:1', 'XIV:467219:A:G:MKT1:missense_variant:c.89A>G:p.Asp30Gly:1/1']","['EvolvingFront_WGS_Plate5_H11', 'EvolvingFront_WGS_Plate5_H11']"
416,GPB2,ALR1,1,['XV:75632:C:T:ALR1:SYNONYMOUS_CODING:gaC/gaT:D411:1'],['EvolvingFront_WGS_Plate5_H11']
417,GPB2,PAB1,2,"['V:510581:G:T:PAB1:missense_variant:c.209G>T:p.Cys70Phe:1/1', 'V:510833:C:T:PAB1:missense_variant:c.461C>T:p.Ser154Phe:1/1']","['EvolvingFront_WGS_Plate5_H11', 'EvolvingFront_WGS_Plate5_H11']"
418,GPB2,RAD3,1,['V:529297:G:T:RAD3:missense_variant:c.2216G>T:p.Trp739Leu:1/1'],['EvolvingFront_WGS_Plate5_H11']
419,GPB2,KSP1,2,"['VIII:270433:CA:C:KSP1:frameshift_variant:c.1115delT:p.Leu372fs:0/1', 'VIII:271127:A:AT:KSP1:FRAME_SHIFT:att/aAtt:I141N?:1']","['EvolvingFront_WGS_Plate5_H11', 'EvolvingFront_WGS_Plate5_H11']"
420,GPB2,RPL6B,1,['XII:1029498:C:A:RPL6B:synonymous_variant:c.261C>A:p.Thr87Thr:0/1'],['EvolvingFront_WGS_Plate5_H11']
421,GPB2,ATE1,1,['VII:460212:T:A:ATE1:missense_variant:c.359T>A:p.Phe120Tyr:1/1'],['EvolvingFront_WGS_Plate5_H11']
422,GPB2,EEB1,1,['XVI:368751:C:A:EEB1:stop_gained:c.691G>T:p.Glu231*:1/1'],['EvolvingFront_WGS_Plate5_H11']
423,GPB2,YHP1,1,['IV:1362497:C:T:YHP1:UPSTREAM:316:nan:0/1'],['EvolvingFront_WGS_Plate5_H11']
424,GPB2,BMH1,1,['V:546163:G:C:BMH1:NON_SYNONYMOUS_CODING:Gaa/Caa:E185Q:1/1'],['EvolvingFront_WGS_Plate5_H11']
425,GPB2,YMR045C,1,['XIII:357099:A:G:YMR045C:DOWNSTREAM:260:nan:0/1'],['EvolvingFront_WGS_Plate5_H11']
426,GPB2,GPB1,1,['XV:1032756:G:A:GPB1:NON_SYNONYMOUS_CODING:aCa/aTa:T476I:0/1'],['EvolvingFront_WGS_Plate5_H11']
427,GPB2,RTG2,1,['VII:26586:G:A:RTG2:missense_variant:c.899C>T:p.Ser300Phe:0/1'],['EvolvingFront_WGS_Plate5_H11']
428,GPB2,TCB3,1,['XIII:128827:C:A:TCB3:missense_variant:c.541G>T:p.Ala181Ser:0/1'],['EvolvingFront_WGS_Plate5_H11']
429,GPB2,YHM2,1,['XIII:752222:G:C:YHM2:missense_variant:c.262G>C:p.Gly88Arg:0/1'],['EvolvingFront_WGS_Plate5_H11']
430,GPB2,ASE1,1,['XV:435366:C:T:ASE1:missense_variant:c.980G>A:p.Arg327Lys:0/1'],['EvolvingFront_WGS_Plate5_H11']
431,GPB2,PUS1,1,['XVI:156322:A:C:PUS1:upstream_gene_variant:c.-3173T>G:nan:0|1'],['EvolvingFront_WGS_Plate5_H11']
432,GPB2,BEM2,1,['V:478585:A:C:BEM2:NON_SYNONYMOUS_CODING:Tat/Gat:Y1422D:1'],['EvolvingFront_WGS_Plate5_H11']
433,GPB2,SPO16,1,['VIII:402304:G:A:SPO16:STOP_GAINED:Cga/Tga:R127*:1'],['EvolvingFront_WGS_Plate5_H11']
434,GPB2,YGK3,1,['XV:80554:T:C:YGK3:upstream_gene_variant:c.-1075A>G:nan:0/1'],['EvolvingFront_WGS_Plate5_H11']
435,GPB2,OPY2,1,['XVI:696785:G:A:OPY2:missense_variant:c.35C>T:p.Ser12Phe:0/1'],['EvolvingFront_WGS_Plate5_H11']
436,GPB2,GSH1,1,['X:234514:T:C:GSH1:NON_SYNONYMOUS_CODING:Aga/Gga:R615G:1'],['EvolvingFront_WGS_Plate5_H11']
437,GPB2,RPL32,1,['II:46163:G:A:RPL32:SYNONYMOUS_CODING:aaG/aaA:K62:1'],['EvolvingFront_WGS_Plate5_H11']
438,GPB2,SNF11,1,['IV:592539:ATGCAAATGCAACTGCAAATGCAAC:A:SNF11:conservative_inframe_deletion:c.130_153delAATGCAACTGCAAATGCAACTGCA:p.Asn44_Ala51del:0|1'],['EvolvingFront_WGS_Plate5_H11']
439,GPB2,YFL040W,1,['VI:52253:T:A:YFL040W:missense_variant:c.904T>A:p.Cys302Ser:1/1'],['EvolvingFront_WGS_Plate5_H11']
440,GPB2,tG(GCC)P2,1,['XVI:860419:TG:T:tG(GCC)P2:frameshift_variant:c.44delG:p.Gly15fs:0/1'],['EvolvingFront_WGS_Plate5_H11']
441,GPB2,HXT3,1,['IV:1164032:G:A:HXT3:missense_variant:c.629C>T:p.Thr210Ile:1/1'],['EvolvingFront_WGS_Plate5_H11']
442,GPB2,SSK2,2,"['XIV:684865:G:T:SSK2:stop_gained:c.569C>A:p.Ser190*:1/1', 'XIV:681851:G:A:SSK2:STOP_GAINED:Caa/Taa:Q1195*:1']","['EvolvingFront_WGS_Plate5_H11', 'EvolvingFront_WGS_Plate5_H11']"
443,GPB2,VPS53,1,['X:393675:TTA:T:VPS53:upstream_gene_variant:c.-2824_-2823delTA:nan:0/1'],['EvolvingFront_WGS_Plate5_H11']
444,GPB2,PLB3,1,['XV:301304:A:ATG:PLB3:upstream_gene_variant:c.-4045_-4044insTG:nan:0|0'],['EvolvingFront_WGS_Plate5_H11']
445,GPB2,YHK8,1,['VIII:205873:G:C:YHK8:missense_variant:c.1267G>C:p.Gly423Arg:0/1'],['EvolvingFront_WGS_Plate5_H11']
446,GPB2,ATG26,1,['XII:531456:ATTC:A:ATG26:conservative_inframe_deletion:c.2935_2937delGAA:p.Glu979del:1/1'],['EvolvingFront_WGS_Plate5_H11']
447,GPB2,AIM17,1,['VIII:64986:C:T:AIM17:missense_variant:c.874G>A:p.Glu292Lys:1/1'],['EvolvingFront_WGS_Plate5_H11']
448,GPB2,YOR390W,1,['XV:1077907:G:T:YOR390W:NON_SYNONYMOUS_CODING:tGt/tTt:C375F:0/1'],['EvolvingFront_WGS_Plate5_H11']
449,GPB2,NUT1,1,['VII:218969:T:G:NUT1:synonymous_variant:c.1446T>G:p.Arg482Arg:1/1'],['EvolvingFront_WGS_Plate5_H11']
450,GPB2,DBP3,1,['VII:360519:G:T:DBP3:synonymous_variant:c.1341C>A:p.Ile447Ile:1/1'],['EvolvingFront_WGS_Plate5_H11']
451,GPB2,YCR064C,1,['III:227831:C:.TACCTAATATTATAGCCTTTATCAACAATGGAATCCCAACAATTATCTCAACATTCACCCATTTCTCAC:YCR064C:DOWNSTREAM:264:nan:1'],['EvolvingFront_WGS_Plate5_H11']
452,GPB2,ARN1,1,['VIII:19273:T:G:ARN1:missense_variant:c.1699A>C:p.Ile567Leu:0/1'],['EvolvingFront_WGS_Plate5_H11']
453,GPB2,NUP133,1,['XI:595532:T:TA:NUP133:frameshift_variant:c.2714dupA:p.Asn905fs:0/1'],['EvolvingFront_WGS_Plate5_H11']
454,GPB2,PAU8,1,['I:1990:T:C:PAU8:synonymous_variant:c.180A>G:p.Glu60Glu:0|1'],['EvolvingFront_WGS_Plate5_H11']
455,GPB2,MED8,1,['II:610499:A:T:MED8:upstream_gene_variant:c.-746T>A:nan:0/1'],['EvolvingFront_WGS_Plate5_H11']
456,GPB2,ATP12,1,['X:88077:C:T:ATP12:missense_variant:c.484G>A:p.Asp162Asn:0/1'],['EvolvingFront_WGS_Plate5_H11']
457,GPB2,KDX1,1,['XI:150532:A:C:KDX1:synonymous_variant:c.156T>G:p.Ala52Ala:0/1'],['EvolvingFront_WGS_Plate5_H11']
458,GPB2,SCH9,1,['VIII:510567:C:A:SCH9:NON_SYNONYMOUS_CODING:aCa/aAa:T402K:1'],['EvolvingFront_WGS_Plate5_H11']
459,GPB2,CHL1,1,['XVI:541877:G:T:CHL1:NON_SYNONYMOUS_CODING:tgG/tgT:W831C:1'],['EvolvingFront_WGS_Plate5_H11']
460,GPB2,DAL7,1,['IX:413786:C:T:DAL7:synonymous_variant:c.894G>A:p.Leu298Leu:0/1'],['EvolvingFront_WGS_Plate5_H11']
461,GPB2,LAS21,1,['X:318922:T:G:LAS21:NON_SYNONYMOUS_CODING:Ttt/Gtt:F547V:1'],['EvolvingFront_WGS_Plate5_H11']
462,GPB2,PUF3,1,['XII:124144:T:A:PUF3:stop_gained:c.571A>T:p.Arg191*:1/1'],['EvolvingFront_WGS_Plate5_H11']
463,TOR1,YGR250C,1,['VII:993129:C:A:YGR250C:NON_SYNONYMOUS_CODING:gaG/gaT:E131D:0/1'],['EvolvingFront_WGS_Plate5_H11']
464,TOR1,SIR1,1,['XI:642124:A:T:SIR1:NON_SYNONYMOUS_CODING:Acc/Tcc:T529S:0/1'],['EvolvingFront_WGS_Plate5_H11']
465,TOR1,SSK2,7,"['XIV:682328:A:AT:SSK2:FRAME_SHIFT:aaa/aaaA:K1035K?:1/1', 'XIV:681087:AT:A:SSK2:FRAME_SHIFT:aat/:N1449:1/1', 'XIV:681335:T:TGACCATTTCATCTTCAATAC:SSK2:FRAME_SHIFT:gtc/gtcGTATTGAAGATGAAATGGTC:V1366VVLKMKW?:1', 'XIV:683670:TA:T:SSK2:FRAME_SHIFT:ata/:I588:1/1', 'XIV:684683:G:GT:SSK2:FRAME_SHIFT:aaa/aaaA:K250K?:1', 'XIV:683670:TA:T:SSK2:FRAME_SHIFT:ata/:I588:1', 'XIV:681317:G:A:SSK2:STOP_GAINED:Caa/Taa:Q1373*:1']","['EvolvingFront_WGS_Plate5_H11', 'EvolvingFront_WGS_Plate5_H11', 'EvolvingFront_WGS_Plate5_H11', 'EvolvingFront_WGS_Plate5_H11', 'EvolvingFront_WGS_Plate5_H11', 'EvolvingFront_WGS_Plate5_H11', 'EvolvingFront_WGS_Plate5_H11']"
466,TOR1,YER187W,1,['V:566039:C:A:YER187W:UPSTREAM:191:nan:1/1'],['EvolvingFront_WGS_Plate5_H11']
467,TOR1,UFD2,1,['IV:121376:T:C:UFD2:NON_SYNONYMOUS_CODING:Atc/Gtc:I73V:0/1'],['EvolvingFront_WGS_Plate5_H11']
468,TOR1,STE20,1,['VIII:94974:T:G:STE20:DOWNSTREAM:144:nan:1/1'],['EvolvingFront_WGS_Plate5_H11']
469,TOR1,POL2,1,['XIV:151373:A:T:POL2:NON_SYNONYMOUS_CODING:aaA/aaT:K1054N:0/1'],['EvolvingFront_WGS_Plate5_H11']
470,TOR1,SIR4,1,['IV:919195:C:G:SIR4:stop_gained:c.1625C>G:p.Ser542*:1/1'],['EvolvingFront_WGS_Plate5_H11']
471,TOR1,DNF3,1,['XIII:579919:A:G:DNF3:missense_variant:c.4003T>C:p.Cys1335Arg:1/1'],['EvolvingFront_WGS_Plate5_H11']
472,TOR1,YNL017C,1,['XIV:602397:C:A:YNL017C:NON_SYNONYMOUS_CODING:tGt/tTt:C27F:1'],['EvolvingFront_WGS_Plate5_H11']
473,TOR1,YRO2,1,['II:343133:T:A:YRO2:synonymous_variant:c.33T>A:p.Gly11Gly:0/1'],['EvolvingFront_WGS_Plate5_H11']
474,TOR1,SMA2,1,['XIII:146102:C:T:SMA2:upstream_gene_variant:c.-4569G>A:nan:0/1'],['EvolvingFront_WGS_Plate5_H11']
475,TOR1,BUD14,1,['I:166341:AT:A:BUD14:DOWNSTREAM:400:nan:0/1'],['EvolvingFront_WGS_Plate5_H11']
476,TOR1,PAN3,1,['XI:391578:A:T:PAN3:STOP_GAINED:taT/taA:Y234*:1/1'],['EvolvingFront_WGS_Plate5_H11']
477,TOR1,RIX7,1,['XII:72255:C:T:RIX7:NON_SYNONYMOUS_CODING:Gca/Aca:A298T:0/1'],['EvolvingFront_WGS_Plate5_H11']
478,TOR1,IRA2,3,"['XV:173652:T:G:IRA2:stop_gained:c.2583T>G:p.Tyr861*:0/1', 'XV:174089:C:A:IRA2:stop_gained:c.3020C>A:p.Ser1007*:0/1', 'XV:179321:T:A:IRA2:NON_SYNONYMOUS_CODING:aTt/aAt:I2751N:0/1']","['EvolvingFront_WGS_Plate5_H11', 'EvolvingFront_WGS_Plate5_H11', 'EvolvingFront_WGS_Plate5_H11']"
479,TOR1,UBC8,1,['V:132034:G:C:UBC8:missense_variant:c.140G>C:p.Gly47Ala:0/1'],['EvolvingFront_WGS_Plate5_H11']
480,TOR1,PAB1,1,['V:510718:C:G:PAB1:NON_SYNONYMOUS_CODING:Cgt/Ggt:R116G:1/1'],['EvolvingFront_WGS_Plate5_H11']
481,TOR1,ECM12,1,['VIII:148467:C:G:ECM12:UPSTREAM:758:nan:0/1'],['EvolvingFront_WGS_Plate5_H11']
482,TOR1,PBS2,1,['X:178655:G:C:PBS2:NON_SYNONYMOUS_CODING:caC/caG:H483Q:0/1'],['EvolvingFront_WGS_Plate5_H11']
483,TOR1,POF1,1,['III:43712:C:A:POF1:NON_SYNONYMOUS_CODING:ttG/ttT:L242F:1'],['EvolvingFront_WGS_Plate5_H11']
484,TOR1,ETP1,1,['VIII:83402:G:A:ETP1:NON_SYNONYMOUS_CODING:aCt/aTt:T107I:1'],['EvolvingFront_WGS_Plate5_H11']
485,TOR1,RRN11,1,['XIII:191734:T:C:RRN11:NON_SYNONYMOUS_CODING:Aag/Gag:K12E:1'],['EvolvingFront_WGS_Plate5_H11']
486,TOR1,CDC39,1,['III:282316:C:G:CDC39:missense_variant:c.2200C>G:p.Gln734Glu:0/1'],['EvolvingFront_WGS_Plate5_H11']
487,TOR1,KDX1,1,['XI:150207:CAAGT:C:KDX1:frameshift_variant:c.477_480delACTT:p.Val161fs:0/1'],['EvolvingFront_WGS_Plate5_H11']
488,TOR1,PRM8,1,['VII:402961:G:T:PRM8:stop_gained:c.373G>T:p.Glu125*:0/1'],['EvolvingFront_WGS_Plate5_H11']
489,TOR1,ENV10,1,['XII:270924:C:G:ENV10:upstream_gene_variant:c.-4006G>C:nan:0/1'],['EvolvingFront_WGS_Plate5_H11']
490,TOR1,TOA1,1,['XV:711859:A:G:TOA1:NON_SYNONYMOUS_CODING:Tat/Cat:Y229H:1'],['EvolvingFront_WGS_Plate5_H11']
491,TOR1,ASI1,1,['XIII:504233:A:C:ASI1:UPSTREAM:1100:nan:0/1'],['EvolvingFront_WGS_Plate5_H11']
492,TOR1,GPB2,3,"['I:40947:AGCCTTTTCT:A:GPB2:CODON_CHANGE_PLUS_CODON_DELETION:gccttttctgtt/gtt:AFSV567V:1', 'I:41410:A:C:GPB2:NON_SYNONYMOUS_CODING:Act/Cct:T718P:1', 'I:39262:G:T:GPB2:stop_gained:c.4G>T:p.Glu2*:1/1']","['EvolvingFront_WGS_Plate5_H11', 'EvolvingFront_WGS_Plate5_H11', 'EvolvingFront_WGS_Plate5_H11']"
493,TOR1,YGR237C,1,['VII:963673:G:T:YGR237C:SYNONYMOUS_CODING:ggC/ggA:G661:0/1'],['EvolvingFront_WGS_Plate5_H11']
494,TOR1,MET17,1,['XII:732794:T:C:MET17:NON_SYNONYMOUS_CODING:Tcc/Ccc:S85P:0/1'],['EvolvingFront_WGS_Plate5_H11']
495,TOR1,DUG3,1,['XIV:281206:T:A:DUG3:NON_SYNONYMOUS_CODING:Ttg/Atg:L259M:0/1'],['EvolvingFront_WGS_Plate5_H11']
496,TOR1,YCL076W,1,['III:3949:C:A:YCL076W:downstream_gene_variant:c.*1814C>A:nan:0/1'],['EvolvingFront_WGS_Plate5_H11']
497,TOR1,DOP1,1,['IV:740297:T:C:DOP1:upstream_gene_variant:c.-300A>G:nan:0/1'],['EvolvingFront_WGS_Plate5_H11']
498,TOR1,YAT2,1,['V:203075:A:G:YAT2:missense_variant:c.884A>G:p.Glu295Gly:0/1'],['EvolvingFront_WGS_Plate5_H11']
499,TOR1,CMC4,1,['XIII:652490:T:C:CMC4:DOWNSTREAM:104:nan:0/1'],['EvolvingFront_WGS_Plate5_H11']
500,TOR1,GSH1,2,"['X:235519:G:T:GSH1:NON_SYNONYMOUS_CODING:Cgt/Agt:R280S:1', 'X:234820:C:A:GSH1:NON_SYNONYMOUS_CODING:Gta/Tta:V513L:1']","['EvolvingFront_WGS_Plate5_H11', 'EvolvingFront_WGS_Plate5_H11']"
501,TOR1,RAS2,1,['XIV:440254:T:A:RAS2:NON_SYNONYMOUS_CODING:cAg/cTg:Q106L:1'],['EvolvingFront_WGS_Plate5_H11']
502,TOR1,YGR283C,1,['VII:1063730:AAT:A:YGR283C:upstream_gene_variant:c.-3692_-3691delAT:nan:0/1'],['EvolvingFront_WGS_Plate5_H11']
503,TOR1,RGA1,1,['XV:563779:G:C:RGA1:synonymous_variant:c.2610G>C:p.Val870Val:0/1'],['EvolvingFront_WGS_Plate5_H11']
504,TOR1,ARL1,1,['II:568297:C:T:ARL1:missense_variant:c.130G>A:p.Val44Ile:0/1'],['EvolvingFront_WGS_Plate5_H11']
505,TOR1,TRK2,1,['XI:530041:A:G:TRK2:missense_variant:c.2227A>G:p.Arg743Gly:0/1'],['EvolvingFront_WGS_Plate5_H11']
506,TOR1,ATG2,1,['XIV:194561:G:C:ATG2:NON_SYNONYMOUS_CODING:Gag/Cag:E1080Q:1'],['EvolvingFront_WGS_Plate5_H11']
507,TOR1,CIT1,1,['XIV:629987:C:T:CIT1:NON_SYNONYMOUS_CODING:Gcg/Acg:A359T:1'],['EvolvingFront_WGS_Plate5_H11']
508,TOR1,AVT5,1,['II:49987:A:T:AVT5:synonymous_variant:c.414A>T:p.Ile138Ile:0/1'],['EvolvingFront_WGS_Plate5_H11']
509,TOR1,RPS16A,1,['XIII:552530:C:G:RPS16A:missense_variant:c.59C>G:p.Ala20Gly:1/1'],['EvolvingFront_WGS_Plate5_H11']
510,TOR1,YOR292C,1,['XV:866109:C:T:YOR292C:synonymous_variant:c.474G>A:p.Thr158Thr:0/1'],['EvolvingFront_WGS_Plate5_H11']
511,TOR1,IRA1,1,['II:521338:C:A:IRA1:NON_SYNONYMOUS_CODING:aGa/aTa:R1764I:1'],['EvolvingFront_WGS_Plate5_H11']
512,TOR1,RMD9,1,['VII:304561:C:T:RMD9:SYNONYMOUS_CODING:ttG/ttA:L571:1'],['EvolvingFront_WGS_Plate5_H11']
513,TOR1,MMS22,1,['XII:771835:C:G:MMS22:UPSTREAM:105:nan:1'],['EvolvingFront_WGS_Plate5_H11']
514,TOR1,PDE2,1,['XV:1013750:AT:A:PDE2:FRAME_SHIFT:aaa/:K357:1'],['EvolvingFront_WGS_Plate5_H11']
515,TOR1,UTP20,1,['II:231850:C:T:UTP20:synonymous_variant:c.4215C>T:p.Gly1405Gly:0/1'],['EvolvingFront_WGS_Plate5_H11']
516,TOR1,TCM62,1,['II:330181:G:A:TCM62:upstream_gene_variant:c.-4122C>T:nan:0/1'],['EvolvingFront_WGS_Plate5_H11']
517,TOR1,RAD54,1,['VII:194407:T:G:RAD54:missense_variant:c.1997A>C:p.Lys666Thr:0/1'],['EvolvingFront_WGS_Plate5_H11']
518,TOR1,TPS3,1,['XIII:792230:G:T:TPS3:NON_SYNONYMOUS_CODING:gaC/gaA:D380E:1'],['EvolvingFront_WGS_Plate5_H11']
519,TOR1,TFA1,1,['XI:387148:GTGA:G:TFA1:disruptive_inframe_deletion:c.1419_1421delTGA:p.Asp473del:0/1'],['EvolvingFront_WGS_Plate5_H11']
520,TOR1,DBP6,1,['XIV:696178:C:A:DBP6:missense_variant:c.584C>A:p.Thr195Lys:0/1'],['EvolvingFront_WGS_Plate5_H11']
521,TOR1,PBI1,1,['XVI:27997:G:C:PBI1:synonymous_variant:c.168C>G:p.Ser56Ser:0/1'],['EvolvingFront_WGS_Plate5_H11']
522,TOR1,PBY1,1,['II:433155:G:C:PBY1:missense_variant:c.1120G>C:p.Gly374Arg:0/1'],['EvolvingFront_WGS_Plate5_H11']
523,TOR1,TFB3,1,['IV:1384206:A:G:TFB3:synonymous_variant:c.396A>G:p.Lys132Lys:0/1'],['EvolvingFront_WGS_Plate5_H11']
524,TOR1,PEX8,1,['VII:639191:A:C:PEX8:missense_variant:c.323T>G:p.Leu108Arg:0/1'],['EvolvingFront_WGS_Plate5_H11']
525,TOR1,KRE29,1,['V:227523:G:C:KRE29:missense_variant:c.730C>G:p.Pro244Ala:1/1'],['EvolvingFront_WGS_Plate5_H11']
526,TOR1,NUP60,1,['I:153946:C:T:NUP60:DOWNSTREAM:70:nan:0/1'],['EvolvingFront_WGS_Plate5_H11']
527,TOR1,CLB5,1,['XVI:775865:T:C:CLB5:UPSTREAM:683:nan:0/1'],['EvolvingFront_WGS_Plate5_H11']
