Admera Health ID,customer sample ID,,,i7,i7 sequence,i5,i5 sequence
18032FL-44-01-01,Evo1D IRAs T0,,,N716,ACTCGCTA,S513,CTAGTCGA
18032FL-44-01-02,Evo1D IRAs Rep1 T1,,,N718,GGAGCTAC,S513,CTAGTCGA
18032FL-44-01-03,Evo1D IRAs Rep1 T4,,,N719,GCGTAGTA,S513,CTAGTCGA
18032FL-44-01-04,Evo1D IRAs Rep1 T7,,,N720,CGGAGCCT,S513,CTAGTCGA
18032FL-44-01-05,Evo1D IRAs Rep1 T10,,,N721,TACGCTGC,S513,CTAGTCGA
18032FL-44-01-06,Evo1D IRAs Rep1 T13,,,N722,ATGCGCAG,S513,CTAGTCGA
18032FL-44-01-07,Evo1D IRAs Rep1 T16,,,N723,TAGCGCTC,S513,CTAGTCGA
18032FL-44-01-08,Evo1D IRAs Rep1 T19,,,N724,ACTGAGCG,S513,CTAGTCGA
18032FL-44-01-09,Evo1D IRAs Rep1 T22,,,N726,CCTAAGAC,S513,CTAGTCGA
18032FL-44-01-10,Evo1D IRAs Rep1 T24,,,N727,CGATCAGT,S513,CTAGTCGA
18032FL-44-01-11,Evo1D IRAs Rep2 T1,,,N728,TGCAGCTA,S513,CTAGTCGA
18032FL-44-01-12,Evo1D IRAs Rep2 T4,,,N729,TCGACGTC,S513,CTAGTCGA
18032FL-44-01-13,Evo1D IRAs Rep2 T7,,,N716,ACTCGCTA,S515,AGCTAGAA
18032FL-44-01-14,Evo1D IRAs Rep2 T10,,,N718,GGAGCTAC,S515,AGCTAGAA
18032FL-44-01-15,Evo1D IRAs Rep2 T13,,,N719,GCGTAGTA,S515,AGCTAGAA
18032FL-44-01-16,Evo1D IRAs Rep2 T16,,,N720,CGGAGCCT,S515,AGCTAGAA
18032FL-44-01-17,Evo1D IRAs Rep2 T19,,,N721,TACGCTGC,S515,AGCTAGAA
18032FL-44-01-18,Evo1D IRAs Rep2 T22,,,N722,ATGCGCAG,S515,AGCTAGAA
18032FL-44-01-19,Evo1D IRAs Rep2 T24,,,N723,TAGCGCTC,S515,AGCTAGAA
18032FL-44-01-20,Evo1D TCG T0,,,N724,ACTGAGCG,S515,AGCTAGAA
18032FL-44-01-21,Evo1D TCG Rep1 T1,,,N726,CCTAAGAC,S515,AGCTAGAA
18032FL-44-01-22,Evo1D TCG Rep1 T4,,,N727,CGATCAGT,S515,AGCTAGAA
18032FL-44-01-23,Evo1D TCG Rep1 T8,,,N728,TGCAGCTA,S515,AGCTAGAA
18032FL-44-01-24,Evo1D TCG Rep1 T10,,,N729,TCGACGTC,S515,AGCTAGAA
18032FL-44-01-25,Evo1D TCG Rep1 T13,,,N716,ACTCGCTA,S516,ACTCTAGG
18032FL-44-01-26,Evo1D TCG Rep1 T16,,,N718,GGAGCTAC,S516,ACTCTAGG
18032FL-44-01-27,Evo1D TCG Rep1 T19,,,N719,GCGTAGTA,S516,ACTCTAGG
18032FL-44-01-28,Evo1D TCG Rep1 T22,,,N720,CGGAGCCT,S516,ACTCTAGG
18032FL-44-01-29,Evo1D TCG Rep1 T24,,,N721,TACGCTGC,S516,ACTCTAGG
18032FL-44-01-30,Evo1D TCG Rep2 T1,,,N722,ATGCGCAG,S516,ACTCTAGG
18032FL-44-01-31,Evo1D TCG Rep2 T4,,,N723,TAGCGCTC,S516,ACTCTAGG
18032FL-44-01-32,Evo1D TCG Rep2 T8,,,N724,ACTGAGCG,S516,ACTCTAGG
18032FL-44-01-33,Evo1D TCG Rep2 T10,,,N726,CCTAAGAC,S516,ACTCTAGG
18032FL-44-01-34,Evo1D TCG Rep2 T13,,,N727,CGATCAGT,S516,ACTCTAGG
18032FL-44-01-35,Evo1D TCG Rep2 T16,,,N728,TGCAGCTA,S516,ACTCTAGG
18032FL-44-01-36,Evo1D TCG Rep2 T19,,,N729,TCGACGTC,S516,ACTCTAGG
18032FL-44-01-37,Evo1D TCG Rep2 T22,,,N716,ACTCGCTA,S517,TCTTACGC
18032FL-44-01-38,Evo1D TCG Rep2 T24,,,N718,GGAGCTAC,S517,TCTTACGC
18032FL-44-02-01,Evo2D IRA1 Mis T0,,,N719,GCGTAGTA,S517,TCTTACGC
18032FL-44-02-02,Evo2D IRA1 Mis Rep1 T1,,,N720,CGGAGCCT,S517,TCTTACGC
18032FL-44-02-03,Evo2D IRA1 Mis Rep1 T4,,,N721,TACGCTGC,S517,TCTTACGC
18032FL-44-02-04,Evo2D IRA1 Mis Rep1 T7,,,N722,ATGCGCAG,S517,TCTTACGC
18032FL-44-02-05,Evo2D IRA1 Mis Rep1 T10,,,N723,TAGCGCTC,S517,TCTTACGC
18032FL-44-02-06,Evo2D IRA1 Mis Rep1 T13,,,N724,ACTGAGCG,S517,TCTTACGC
18032FL-44-02-07,Evo2D IRA1 Mis Rep2 T1,,,N726,CCTAAGAC,S517,TCTTACGC
18032FL-44-02-08,Evo2D IRA1 Mis Rep2 T4,,,N727,CGATCAGT,S517,TCTTACGC
18032FL-44-02-09,Evo2D IRA1 Mis Rep2 T7,,,N728,TGCAGCTA,S517,TCTTACGC
18032FL-44-02-10,Evo2D IRA1 Mis Rep2 T10,,,N729,TCGACGTC,S517,TCTTACGC
18032FL-44-02-11,Evo2D IRA1 Mis Rep2 T13,,,N716,ACTCGCTA,S518,CTTAATAG
18032FL-44-02-12,Evo2D IRA1 Non T0,,,N718,GGAGCTAC,S518,CTTAATAG
18032FL-44-02-13,Evo2D IRA1 Non Rep1 T1,,,N719,GCGTAGTA,S518,CTTAATAG
18032FL-44-02-14,Evo2D IRA1 Non Rep1 T4,,,N720,CGGAGCCT,S518,CTTAATAG
18032FL-44-02-15,Evo2D IRA1 Non Rep1 T7,,,N721,TACGCTGC,S518,CTTAATAG
18032FL-44-02-16,Evo2D IRA1 Non Rep1 T10,,,N722,ATGCGCAG,S518,CTTAATAG
18032FL-44-02-17,Evo2D IRA1 Non Rep1 T13,,,N723,TAGCGCTC,S518,CTTAATAG
18032FL-44-02-18,Evo2D IRA1 Non Rep2 T1,,,N724,ACTGAGCG,S518,CTTAATAG
18032FL-44-02-19,Evo2D IRA1 Non Rep2 T4,,,N726,CCTAAGAC,S518,CTTAATAG
18032FL-44-02-20,Evo2D IRA1 Non Rep2 T7,,,N727,CGATCAGT,S518,CTTAATAG
18032FL-44-02-21,Evo2D IRA1 Non Rep2 T10,,,N728,TGCAGCTA,S518,CTTAATAG
18032FL-44-02-22,Evo2D IRA1 Non Rep2 T13,,,N729,TCGACGTC,S518,CTTAATAG
18032FL-44-03-01,Evo3D IRA1 Mis T0,,,N716,ACTCGCTA,S520,ATAGCCTT
18032FL-44-03-02,Evo3D IRA1 Mis Rep1 T1,,,N718,GGAGCTAC,S520,ATAGCCTT
18032FL-44-03-03,Evo3D IRA1 Mis Rep1 T4,,,N719,GCGTAGTA,S520,ATAGCCTT
18032FL-44-03-04,Evo3D IRA1 Mis Rep1 T7,,,N720,CGGAGCCT,S520,ATAGCCTT
18032FL-44-03-05,Evo3D IRA1 Mis Rep1 T10,,,N721,TACGCTGC,S520,ATAGCCTT
18032FL-44-03-06,Evo3D IRA1 Mis Rep2 T1,,,N722,ATGCGCAG,S520,ATAGCCTT
18032FL-44-03-07,Evo3D IRA1 Mis Rep2 T4,,,N723,TAGCGCTC,S520,ATAGCCTT
18032FL-44-03-08,Evo3D IRA1 Mis Rep2 T7,,,N724,ACTGAGCG,S520,ATAGCCTT
18032FL-44-03-09,Evo3D IRA1 Mis Rep2 T10,,,N726,CCTAAGAC,S520,ATAGCCTT
18032FL-44-03-10,Evo3D IRA1 Mis Rep3 T1,,,N727,CGATCAGT,S520,ATAGCCTT
18032FL-44-03-11,Evo3D IRA1 Mis Rep3 T4,,,N728,TGCAGCTA,S520,ATAGCCTT
18032FL-44-03-12,Evo3D IRA1 Mis Rep3 T7,,,N729,TCGACGTC,S520,ATAGCCTT
18032FL-44-03-13,Evo3D IRA1 Mis Rep3 T10,,,N716,ACTCGCTA,S521,TAAGGCTC
18032FL-44-03-14,Evo3D IRA1 Non T0,,,N718,GGAGCTAC,S521,TAAGGCTC
18032FL-44-03-15,Evo3D IRA1 Non Rep1 T1,,,N719,GCGTAGTA,S521,TAAGGCTC
18032FL-44-03-16,Evo3D IRA1 Non Rep1 T4,,,N720,CGGAGCCT,S521,TAAGGCTC
18032FL-44-03-17,Evo3D IRA1 Non Rep1 T7,,,N721,TACGCTGC,S521,TAAGGCTC
18032FL-44-03-18,Evo3D IRA1 Non Rep1 T10,,,N722,ATGCGCAG,S521,TAAGGCTC
18032FL-44-03-19,Evo3D IRA1 Non Rep2 T1,,,N723,TAGCGCTC,S521,TAAGGCTC
18032FL-44-03-20,Evo3D IRA1 Non Rep2 T4,,,N724,ACTGAGCG,S521,TAAGGCTC
18032FL-44-03-21,Evo3D IRA1 Non Rep2 T7,,,N726,CCTAAGAC,S521,TAAGGCTC
18032FL-44-03-22,Evo3D IRA1 Non Rep2 T10,,,N727,CGATCAGT,S521,TAAGGCTC
18032FL-44-03-23,Evo3D IRA1 Non Rep3 T1,,,N728,TGCAGCTA,S521,TAAGGCTC
18032FL-44-03-24,Evo3D IRA1 Non Rep3 T4,,,N729,TCGACGTC,S521,TAAGGCTC
18032FL-44-03-25,Evo3D IRA1 Non Rep3 T7,,,N716,ACTCGCTA,S522,TCGCATAA
18032FL-44-03-26,Evo3D IRA1 Non Rep3 T10,,,N718,GGAGCTAC,S522,TCGCATAA
18032FL-44-03-27,Evo3D TCG T0,,,N719,GCGTAGTA,S522,TCGCATAA
18032FL-44-03-28,Evo3D TCG Rep1 T1,,,N720,CGGAGCCT,S522,TCGCATAA
18032FL-44-03-29,Evo3D TCG Rep1 T4,,,N721,TACGCTGC,S522,TCGCATAA
18032FL-44-03-30,Evo3D TCG Rep1 T7,,,N722,ATGCGCAG,S522,TCGCATAA
18032FL-44-03-31,Evo3D TCG Rep1 T10,,,N723,TAGCGCTC,S522,TCGCATAA
18032FL-44-03-32,Evo3D TCG Rep2 T1,,,N724,ACTGAGCG,S522,TCGCATAA
18032FL-44-03-33,Evo3D TCG Rep2 T4,,,N726,CCTAAGAC,S522,TCGCATAA
18032FL-44-03-34,Evo3D TCG Rep2 T7,,,N727,CGATCAGT,S522,TCGCATAA
18032FL-44-03-35,Evo3D TCG Rep2 T10,,,N728,TGCAGCTA,S522,TCGCATAA
18032FL-44-04-01,d.tak,,,N701,TAAGGCGA,S502,ATAGAGAG
18032FL-44-04-02,d.ruf,,,N702,CGTACTAG,S503,AGAGGATA
18032FL-44-04-03,d.imm,,,N703,AGGCAGAA,S505,CTCCTTAC
18032FL-44-04-04,d.pse,,,N704,TCCTGAGC,S506,TATGCAGT