Cluster.ID,Center,Cluster.Score,time_point_1
1,CATTGAATCACAAAATAGGTTATG,0.000000,1
2,CATTGAATCACAAAATAGGTTAGAT,0.000000,5
3,CATTGAATCACAAAATAGGTAGATG,0.985228,7
4,CATTGAATCACAAATAGGTTAGATG,0.000000,1
5,CAGTCAATCACAAAATAGGTTACATG,0.000000,1
6,CATTTAAAAAAAAAATTTGTTCGTCG,0.000000,1
7,CATTGAATCAAAAAATAGGTTAGGTG,0.000000,1
8,CATTCAATCACAAAATAGGTTAGATG,0.000000,2
9,CATTGAATCACAAAATTGGTTAGATG,0.322757,17
10,GTTTGAATCACAAAATAGGTTAGATG,1.000000,2
11,CATTGAATCAAAAAATAGGTTAAATG,0.000000,1
12,CTTTGAATCACAAAATAGGTTATATG,1.000000,2
13,CGTTGAATCACAAAATAGGTTAGATG,0.000000,13
14,AATTGAATCACAAAATAGGTTAGATG,0.468996,10
15,CATTGAATCATAAAATAGGTTAGATG,0.000000,11
16,CATTGAATCACAAAATAGGTTAGATG,0.061202,30094
17,CATTAAATCAAAAAATAGGTTAGATG,0.000000,1
18,CATTGAATCACAAAATAGGTTAGCTG,0.721928,5
19,CTTTGAATAAAAAAATAGGTTAGATG,0.000000,1
20,CATTTAATCAAAAAATAGGTTAGATG,0.000000,1
21,CATTGAATCAAAAAATAGGTTAGATG,0.292930,97
22,CATTGAATCACAAAATTGGTTAGTTT,0.918296,3
23,CATTGAATCACAAAATTGGTTATATG,0.000000,1
24,CTTTAAATCACAAAATAGGTTAGATG,0.000000,1
25,CATTGAATCACAAAATAGGTTAAATG,0.000000,47
26,AATCACAAAATAGGTTAGATGGGTAC,0.000000,1
27,CTGAATCACAAAATAGGTTAGATGGG,0.000000,1
28,CTTTTAATCACAAAATAGGTTATATG,0.000000,1
29,TATTGAATCACAAAATAGGTTAGATG,0.033734,853
30,TATTGAATCAAAAAATAGGTTAGATG,0.000000,2
31,ATTAATCACAAAATAGGTTAGATGGG,0.000000,1
32,CATTTAATCACAAAATATGTTACATT,0.000000,1
33,CTTTAATTAAAAAAATGGTTCCGTGG,0.000000,1
34,TCTTGAATCACAAAATAGGTTAGATG,0.000000,1
35,AATTTAATCACAAAATAGTTTAGATT,0.000000,1
36,CATTTAATGACAAAATAGGTTATATG,0.000000,1
37,TTGAATCACAAAATAGGTTAGATGGG,0.166337,855
38,CATTGAATCACAAAATAGGTTAGTTG,0.000000,9
39,CATTGAATCACAAAATAGGTTATATG,0.439497,11
40,CATTAAATCACAAAATAGGTTAGATG,0.058345,593
41,CTTTGAATCACAAAATAGGTTAGATG,0.591673,14
42,ATTGAATCACAAAATAGGTTAGATGG,0.228538,27
43,CTTTGTTTCACAAAATAGGTTAGATG,1.000000,2
44,TCATTAATCACAAAATAGGTTAGATG,0.000000,14
45,CATTGAATCACAAAATCGGTTAGATG,0.000000,2
46,TATTTAATCACAAAATAGGTTAGATG,0.000000,1
47,CCAACAAAACACAAATCTGTTGTGTA,0.000000,8
48,GATTGAATCACAAAATAGGTTAGATG,0.918296,3
49,CGCTAAAGACATAATGTGGTTTGTTG,0.000000,2
50,CATTGAATCACACAATAGGTCAGAGG,0.000000,1
51,TTGAATCACATAATAGGTTAGATGGG,0.000000,1
52,CTTTGAATAACAAAATAGTTTACATG,0.000000,1
53,ATCACAAAATAGGTTAGATGGGTACC,0.000000,1
54,CATTGAATCACAAAATAGGTTACATG,0.000000,3
55,TGAATCACAAAATAGGTTAGATGGGT,0.000000,1
56,CATTGAATCACAAAATAGGTTAGGTG,0.000000,12
57,CTTAAAATCAAAAAAATGTTTACATG,0.000000,1
58,CATTTAATCACAAAATAGGTTAGATG,0.162326,42
59,CTTTTAAGCACAAATTGGGTTAGAGG,0.000000,1
60,AATTGAATCAAAAAATAGGTTAGATG,0.000000,1
61,TTTAAAATTAATAATTAGTTTACATG,0.000000,1
62,CTTTTAATAACAAAATAGGTTAGATG,1.000000,2
63,CATTAAATCATAAAATAGGTTAGATG,0.000000,1
64,ATTGAATCACAAAATAGGTTATGCTG,0.000000,1
65,CATTGAATCAGAAAATAGGTTAGATG,0.000000,1
66,CCTTGAATCACAAAATAGGTTAGATG,0.000000,1
67,CATCGAATCACAAAATAGCTACGACC,0.000000,1
68,CATTGAATCACAAAATGGGTTAGATG,0.000000,12
69,CATTGAATCACAAAATTGGTTAGGTG,1.000000,2
70,CATTTAATCAAAAAATTGGTTAGTTG,0.000000,1
71,TATTGAATCACAAAATAGGTTAAATG,0.000000,1
72,CATTGAATCACAAAATAGGTTATTTT,0.000000,1
73,CATTGAATCACAATTTTTGTTAGTTT,0.000000,1
74,TTGAATCACAATTTAGGTTAATTTGA,0.000000,1
75,TTGAATCACAAAATAGGTTAGATTGG,0.000000,1
76,CATTGAATCACAAAATAGGTTAGATGGG,0.000000,1
